signature_id	signature_name	gene
CANCERSEA.Yuan18.Angiogenesis	Angiogenesis	ACVRL1
CANCERSEA.Yuan18.Angiogenesis	Angiogenesis	JAG1
CANCERSEA.Yuan18.Angiogenesis	Angiogenesis	ANGPT1
CANCERSEA.Yuan18.Angiogenesis	Angiogenesis	ANGPT2
CANCERSEA.Yuan18.Angiogenesis	Angiogenesis	CD34
CANCERSEA.Yuan18.Angiogenesis	Angiogenesis	CDC42
CANCERSEA.Yuan18.Angiogenesis	Angiogenesis	MAPK14
CANCERSEA.Yuan18.Angiogenesis	Angiogenesis	TYMP
CANCERSEA.Yuan18.Angiogenesis	Angiogenesis	EDN1
CANCERSEA.Yuan18.Angiogenesis	Angiogenesis	EFNB2
CANCERSEA.Yuan18.Angiogenesis	Angiogenesis	EGR3
CANCERSEA.Yuan18.Angiogenesis	Angiogenesis	EPHB4
CANCERSEA.Yuan18.Angiogenesis	Angiogenesis	PTK2B
CANCERSEA.Yuan18.Angiogenesis	Angiogenesis	FGF2
CANCERSEA.Yuan18.Angiogenesis	Angiogenesis	FGFR1
CANCERSEA.Yuan18.Angiogenesis	Angiogenesis	VEGFD
CANCERSEA.Yuan18.Angiogenesis	Angiogenesis	FOXC2
CANCERSEA.Yuan18.Angiogenesis	Angiogenesis	FLT1
CANCERSEA.Yuan18.Angiogenesis	Angiogenesis	FLT4
CANCERSEA.Yuan18.Angiogenesis	Angiogenesis	FN1
CANCERSEA.Yuan18.Angiogenesis	Angiogenesis	GPLD1
CANCERSEA.Yuan18.Angiogenesis	Angiogenesis	NR4A1
CANCERSEA.Yuan18.Angiogenesis	Angiogenesis	ID1
CANCERSEA.Yuan18.Angiogenesis	Angiogenesis	ITGA5
CANCERSEA.Yuan18.Angiogenesis	Angiogenesis	ITGAV
CANCERSEA.Yuan18.Angiogenesis	Angiogenesis	ITGB1
CANCERSEA.Yuan18.Angiogenesis	Angiogenesis	KDR
CANCERSEA.Yuan18.Angiogenesis	Angiogenesis	LOXL2
CANCERSEA.Yuan18.Angiogenesis	Angiogenesis	MMP14
CANCERSEA.Yuan18.Angiogenesis	Angiogenesis	NOTCH1
CANCERSEA.Yuan18.Angiogenesis	Angiogenesis	PDGFA
CANCERSEA.Yuan18.Angiogenesis	Angiogenesis	PDGFRB
CANCERSEA.Yuan18.Angiogenesis	Angiogenesis	PGF
CANCERSEA.Yuan18.Angiogenesis	Angiogenesis	PIK3CA
CANCERSEA.Yuan18.Angiogenesis	Angiogenesis	PTGS2
CANCERSEA.Yuan18.Angiogenesis	Angiogenesis	PTK2
CANCERSEA.Yuan18.Angiogenesis	Angiogenesis	ROBO1
CANCERSEA.Yuan18.Angiogenesis	Angiogenesis	SHC1
CANCERSEA.Yuan18.Angiogenesis	Angiogenesis	SRF
CANCERSEA.Yuan18.Angiogenesis	Angiogenesis	TAL1
CANCERSEA.Yuan18.Angiogenesis	Angiogenesis	TDGF1
CANCERSEA.Yuan18.Angiogenesis	Angiogenesis	TEK
CANCERSEA.Yuan18.Angiogenesis	Angiogenesis	VAV2
CANCERSEA.Yuan18.Angiogenesis	Angiogenesis	VEGFA
CANCERSEA.Yuan18.Angiogenesis	Angiogenesis	VEGFC
CANCERSEA.Yuan18.Angiogenesis	Angiogenesis	FGF18
CANCERSEA.Yuan18.Angiogenesis	Angiogenesis	NRP1
CANCERSEA.Yuan18.Angiogenesis	Angiogenesis	SEMA5A
CANCERSEA.Yuan18.Angiogenesis	Angiogenesis	RAMP2
CANCERSEA.Yuan18.Angiogenesis	Angiogenesis	CIB1
CANCERSEA.Yuan18.Angiogenesis	Angiogenesis	ESM1
CANCERSEA.Yuan18.Angiogenesis	Angiogenesis	JMJD6
CANCERSEA.Yuan18.Angiogenesis	Angiogenesis	HEY1
CANCERSEA.Yuan18.Angiogenesis	Angiogenesis	ADGRA2
CANCERSEA.Yuan18.Angiogenesis	Angiogenesis	GREM1
CANCERSEA.Yuan18.Angiogenesis	Angiogenesis	SRPX2
CANCERSEA.Yuan18.Angiogenesis	Angiogenesis	SOX18
CANCERSEA.Yuan18.Angiogenesis	Angiogenesis	PARVA
CANCERSEA.Yuan18.Angiogenesis	Angiogenesis	RNF213
CANCERSEA.Yuan18.Angiogenesis	Angiogenesis	E2F8
CANCERSEA.Yuan18.Angiogenesis	Angiogenesis	RSPO3
CANCERSEA.Yuan18.Angiogenesis	Angiogenesis	OTULIN
CANCERSEA.Yuan18.Angiogenesis	Angiogenesis	E2F7
CANCERSEA.Yuan18.Angiogenesis	Angiogenesis	CCBE1
CANCERSEA.Yuan18.Angiogenesis	Angiogenesis	BMPER
CANCERSEA.Yuan18.Angiogenesis	Angiogenesis	NRARP
CANCERSEA.Yuan18.Angiogenesis	Angiogenesis	TNFAIP6
CANCERSEA.Yuan18.Angiogenesis	Angiogenesis	VCAN
CANCERSEA.Yuan18.Angiogenesis	Angiogenesis	SPP1
CANCERSEA.Yuan18.Angiogenesis	Angiogenesis	CCND2
CANCERSEA.Yuan18.Angiogenesis	Angiogenesis	PIK3R1
CANCERSEA.Yuan18.Angiogenesis	Angiogenesis	STC1
CANCERSEA.Yuan18.Angiogenesis	Angiogenesis	JAG2
CANCERSEA.Yuan18.Apoptosis	Apoptosis	APAF1
CANCERSEA.Yuan18.Apoptosis	Apoptosis	ATF4
CANCERSEA.Yuan18.Apoptosis	Apoptosis	ATM
CANCERSEA.Yuan18.Apoptosis	Apoptosis	BAK1
CANCERSEA.Yuan18.Apoptosis	Apoptosis	BID
CANCERSEA.Yuan18.Apoptosis	Apoptosis	BOK
CANCERSEA.Yuan18.Apoptosis	Apoptosis	BRCA2
CANCERSEA.Yuan18.Apoptosis	Apoptosis	CASP2
CANCERSEA.Yuan18.Apoptosis	Apoptosis	CASP4
CANCERSEA.Yuan18.Apoptosis	Apoptosis	CASP9
CANCERSEA.Yuan18.Apoptosis	Apoptosis	DAPK3
CANCERSEA.Yuan18.Apoptosis	Apoptosis	DDIT3
CANCERSEA.Yuan18.Apoptosis	Apoptosis	E2F2
CANCERSEA.Yuan18.Apoptosis	Apoptosis	EP300
CANCERSEA.Yuan18.Apoptosis	Apoptosis	GSN
CANCERSEA.Yuan18.Apoptosis	Apoptosis	IFI16
CANCERSEA.Yuan18.Apoptosis	Apoptosis	INHBA
CANCERSEA.Yuan18.Apoptosis	Apoptosis	KRT8
CANCERSEA.Yuan18.Apoptosis	Apoptosis	LGALS9
CANCERSEA.Yuan18.Apoptosis	Apoptosis	NFATC4
CANCERSEA.Yuan18.Apoptosis	Apoptosis	P2RX7
CANCERSEA.Yuan18.Apoptosis	Apoptosis	PMAIP1
CANCERSEA.Yuan18.Apoptosis	Apoptosis	POLB
CANCERSEA.Yuan18.Apoptosis	Apoptosis	PPP2R1B
CANCERSEA.Yuan18.Apoptosis	Apoptosis	PPP2R5C
CANCERSEA.Yuan18.Apoptosis	Apoptosis	SORT1
CANCERSEA.Yuan18.Apoptosis	Apoptosis	SKIL
CANCERSEA.Yuan18.Apoptosis	Apoptosis	STK3
CANCERSEA.Yuan18.Apoptosis	Apoptosis	STK4
CANCERSEA.Yuan18.Apoptosis	Apoptosis	TIMP3
CANCERSEA.Yuan18.Apoptosis	Apoptosis	TNFRSF1A
CANCERSEA.Yuan18.Apoptosis	Apoptosis	TNFRSF1B
CANCERSEA.Yuan18.Apoptosis	Apoptosis	TP53BP2
CANCERSEA.Yuan18.Apoptosis	Apoptosis	DYRK2
CANCERSEA.Yuan18.Apoptosis	Apoptosis	CRADD
CANCERSEA.Yuan18.Apoptosis	Apoptosis	BCL10
CANCERSEA.Yuan18.Apoptosis	Apoptosis	AIFM1
CANCERSEA.Yuan18.Apoptosis	Apoptosis	BCL2L11
CANCERSEA.Yuan18.Apoptosis	Apoptosis	DNM1L
CANCERSEA.Yuan18.Apoptosis	Apoptosis	BCAP31
CANCERSEA.Yuan18.Apoptosis	Apoptosis	SIVA1
CANCERSEA.Yuan18.Apoptosis	Apoptosis	MLLT11
CANCERSEA.Yuan18.Apoptosis	Apoptosis	RIPK3
CANCERSEA.Yuan18.Apoptosis	Apoptosis	SNW1
CANCERSEA.Yuan18.Apoptosis	Apoptosis	PPP1R13B
CANCERSEA.Yuan18.Apoptosis	Apoptosis	PHLDA3
CANCERSEA.Yuan18.Apoptosis	Apoptosis	NUPR1
CANCERSEA.Yuan18.Apoptosis	Apoptosis	BBC3
CANCERSEA.Yuan18.Apoptosis	Apoptosis	CIDEB
CANCERSEA.Yuan18.Apoptosis	Apoptosis	TNFRSF21
CANCERSEA.Yuan18.Apoptosis	Apoptosis	PYCARD
CANCERSEA.Yuan18.Apoptosis	Apoptosis	CDIP1
CANCERSEA.Yuan18.Apoptosis	Apoptosis	G0S2
CANCERSEA.Yuan18.Apoptosis	Apoptosis	SHISA5
CANCERSEA.Yuan18.Apoptosis	Apoptosis	TNFRSF12A
CANCERSEA.Yuan18.Apoptosis	Apoptosis	WWOX
CANCERSEA.Yuan18.Apoptosis	Apoptosis	DDIT4
CANCERSEA.Yuan18.Apoptosis	Apoptosis	USP28
CANCERSEA.Yuan18.Apoptosis	Apoptosis	MOAP1
CANCERSEA.Yuan18.Apoptosis	Apoptosis	AEN
CANCERSEA.Yuan18.Apoptosis	Apoptosis	TMEM109
CANCERSEA.Yuan18.Apoptosis	Apoptosis	APOPT1
CANCERSEA.Yuan18.Apoptosis	Apoptosis	BMF
CANCERSEA.Yuan18.Apoptosis	Apoptosis	DAB2IP
CANCERSEA.Yuan18.Apoptosis	Apoptosis	DEDD2
CANCERSEA.Yuan18.Apoptosis	Apoptosis	ST20
CANCERSEA.Yuan18.Cell.Cycle	Cell.Cycle	ANLN
CANCERSEA.Yuan18.Cell.Cycle	Cell.Cycle	ANP32E
CANCERSEA.Yuan18.Cell.Cycle	Cell.Cycle	ATAD2
CANCERSEA.Yuan18.Cell.Cycle	Cell.Cycle	AURKA
CANCERSEA.Yuan18.Cell.Cycle	Cell.Cycle	BRIP1
CANCERSEA.Yuan18.Cell.Cycle	Cell.Cycle	CASP8AP2
CANCERSEA.Yuan18.Cell.Cycle	Cell.Cycle	CBX5
CANCERSEA.Yuan18.Cell.Cycle	Cell.Cycle	CCNA2
CANCERSEA.Yuan18.Cell.Cycle	Cell.Cycle	CCNB2
CANCERSEA.Yuan18.Cell.Cycle	Cell.Cycle	CCND1
CANCERSEA.Yuan18.Cell.Cycle	Cell.Cycle	CCNE1
CANCERSEA.Yuan18.Cell.Cycle	Cell.Cycle	CCNE2
CANCERSEA.Yuan18.Cell.Cycle	Cell.Cycle	CDC25C
CANCERSEA.Yuan18.Cell.Cycle	Cell.Cycle	CDC45
CANCERSEA.Yuan18.Cell.Cycle	Cell.Cycle	CDC6
CANCERSEA.Yuan18.Cell.Cycle	Cell.Cycle	CDCA2
CANCERSEA.Yuan18.Cell.Cycle	Cell.Cycle	CDCA3
CANCERSEA.Yuan18.Cell.Cycle	Cell.Cycle	CDCA8
CANCERSEA.Yuan18.Cell.Cycle	Cell.Cycle	CENPA
CANCERSEA.Yuan18.Cell.Cycle	Cell.Cycle	CENPE
CANCERSEA.Yuan18.Cell.Cycle	Cell.Cycle	CHAF1B
CANCERSEA.Yuan18.Cell.Cycle	Cell.Cycle	CKAP2L
CANCERSEA.Yuan18.Cell.Cycle	Cell.Cycle	CKAP5
CANCERSEA.Yuan18.Cell.Cycle	Cell.Cycle	CKS1B
CANCERSEA.Yuan18.Cell.Cycle	Cell.Cycle	CKS2
CANCERSEA.Yuan18.Cell.Cycle	Cell.Cycle	CLSPN
CANCERSEA.Yuan18.Cell.Cycle	Cell.Cycle	DHFR
CANCERSEA.Yuan18.Cell.Cycle	Cell.Cycle	DLGAP5
CANCERSEA.Yuan18.Cell.Cycle	Cell.Cycle	DSCC1
CANCERSEA.Yuan18.Cell.Cycle	Cell.Cycle	DTL
CANCERSEA.Yuan18.Cell.Cycle	Cell.Cycle	ECT2
CANCERSEA.Yuan18.Cell.Cycle	Cell.Cycle	EXO1
CANCERSEA.Yuan18.Cell.Cycle	Cell.Cycle	FEN1
CANCERSEA.Yuan18.Cell.Cycle	Cell.Cycle	GAS2L3
CANCERSEA.Yuan18.Cell.Cycle	Cell.Cycle	GINS2
CANCERSEA.Yuan18.Cell.Cycle	Cell.Cycle	GTSE1
CANCERSEA.Yuan18.Cell.Cycle	Cell.Cycle	HELLS
CANCERSEA.Yuan18.Cell.Cycle	Cell.Cycle	HJURP
CANCERSEA.Yuan18.Cell.Cycle	Cell.Cycle	HMMR
CANCERSEA.Yuan18.Cell.Cycle	Cell.Cycle	KIF11
CANCERSEA.Yuan18.Cell.Cycle	Cell.Cycle	KIF23
CANCERSEA.Yuan18.Cell.Cycle	Cell.Cycle	KIF2C
CANCERSEA.Yuan18.Cell.Cycle	Cell.Cycle	LBR
CANCERSEA.Yuan18.Cell.Cycle	Cell.Cycle	MCM4
CANCERSEA.Yuan18.Cell.Cycle	Cell.Cycle	MCM5
CANCERSEA.Yuan18.Cell.Cycle	Cell.Cycle	MCM6
CANCERSEA.Yuan18.Cell.Cycle	Cell.Cycle	MKI67
CANCERSEA.Yuan18.Cell.Cycle	Cell.Cycle	NASP
CANCERSEA.Yuan18.Cell.Cycle	Cell.Cycle	NCAPD2
CANCERSEA.Yuan18.Cell.Cycle	Cell.Cycle	NDC80
CANCERSEA.Yuan18.Cell.Cycle	Cell.Cycle	NEK2
CANCERSEA.Yuan18.Cell.Cycle	Cell.Cycle	NUF2
CANCERSEA.Yuan18.Cell.Cycle	Cell.Cycle	NUSAP1
CANCERSEA.Yuan18.Cell.Cycle	Cell.Cycle	PCNA
CANCERSEA.Yuan18.Cell.Cycle	Cell.Cycle	POLA1
CANCERSEA.Yuan18.Cell.Cycle	Cell.Cycle	POLD3
CANCERSEA.Yuan18.Cell.Cycle	Cell.Cycle	PRIM1
CANCERSEA.Yuan18.Cell.Cycle	Cell.Cycle	PSRC1
CANCERSEA.Yuan18.Cell.Cycle	Cell.Cycle	PTTG1
CANCERSEA.Yuan18.Cell.Cycle	Cell.Cycle	RAD21
CANCERSEA.Yuan18.Cell.Cycle	Cell.Cycle	RAD51AP1
CANCERSEA.Yuan18.Cell.Cycle	Cell.Cycle	RANGAP1
CANCERSEA.Yuan18.Cell.Cycle	Cell.Cycle	RFC2
CANCERSEA.Yuan18.Cell.Cycle	Cell.Cycle	RFC4
CANCERSEA.Yuan18.Cell.Cycle	Cell.Cycle	RPA2
CANCERSEA.Yuan18.Cell.Cycle	Cell.Cycle	RRM1
CANCERSEA.Yuan18.Cell.Cycle	Cell.Cycle	RRM2
CANCERSEA.Yuan18.Cell.Cycle	Cell.Cycle	SLBP
CANCERSEA.Yuan18.Cell.Cycle	Cell.Cycle	SMC4
CANCERSEA.Yuan18.Cell.Cycle	Cell.Cycle	TACC3
CANCERSEA.Yuan18.Cell.Cycle	Cell.Cycle	TIPIN
CANCERSEA.Yuan18.Cell.Cycle	Cell.Cycle	TMPO
CANCERSEA.Yuan18.Cell.Cycle	Cell.Cycle	TOP2A
CANCERSEA.Yuan18.Cell.Cycle	Cell.Cycle	TTK
CANCERSEA.Yuan18.Cell.Cycle	Cell.Cycle	TUBB4B
CANCERSEA.Yuan18.Cell.Cycle	Cell.Cycle	TYMS
CANCERSEA.Yuan18.Cell.Cycle	Cell.Cycle	UBR7
CANCERSEA.Yuan18.Cell.Cycle	Cell.Cycle	UHRF1
CANCERSEA.Yuan18.Cell.Cycle	Cell.Cycle	UNG
CANCERSEA.Yuan18.Cell.Cycle	Cell.Cycle	USP1
CANCERSEA.Yuan18.Cell.Cycle	Cell.Cycle	WDR76
CANCERSEA.Yuan18.Cell.Cycle	Cell.Cycle	POLA2
CANCERSEA.Yuan18.Cell.Cycle	Cell.Cycle	GCLM
CANCERSEA.Yuan18.Cell.Cycle	Cell.Cycle	HMGB3
CANCERSEA.Yuan18.Cell.Cycle	Cell.Cycle	DEPDC1B
CANCERSEA.Yuan18.Cell.Cycle	Cell.Cycle	PRR11
CANCERSEA.Yuan18.Cell.Cycle	Cell.Cycle	NUCKS1
CANCERSEA.Yuan18.Cell.Cycle	Cell.Cycle	NUP37
CANCERSEA.Yuan18.Cell.Cycle	Cell.Cycle	UBE2T
CANCERSEA.Yuan18.Cell.Cycle	Cell.Cycle	ORC6
CANCERSEA.Yuan18.Cell.Cycle	Cell.Cycle	CENPM
CANCERSEA.Yuan18.Cell.Cycle	Cell.Cycle	VRK1
CANCERSEA.Yuan18.Cell.Cycle	Cell.Cycle	CDC25B
CANCERSEA.Yuan18.Cell.Cycle	Cell.Cycle	FAM83D
CANCERSEA.Yuan18.Cell.Cycle	Cell.Cycle	ASF1B
CANCERSEA.Yuan18.Cell.Cycle	Cell.Cycle	GRPEL1
CANCERSEA.Yuan18.Cell.Cycle	Cell.Cycle	RFC5
CANCERSEA.Yuan18.Cell.Cycle	Cell.Cycle	SRSF3
CANCERSEA.Yuan18.Cell.Cycle	Cell.Cycle	MND1
CANCERSEA.Yuan18.Cell.Cycle	Cell.Cycle	ZWINT
CANCERSEA.Yuan18.Cell.Cycle	Cell.Cycle	TUBG1
CANCERSEA.Yuan18.Cell.Cycle	Cell.Cycle	ENOSF1
CANCERSEA.Yuan18.Cell.Cycle	Cell.Cycle	RAN
CANCERSEA.Yuan18.Cell.Cycle	Cell.Cycle	RFC3
CANCERSEA.Yuan18.Cell.Cycle	Cell.Cycle	E2F5
CANCERSEA.Yuan18.Cell.Cycle	Cell.Cycle	AKIRIN2
CANCERSEA.Yuan18.Cell.Cycle	Cell.Cycle	TROAP
CANCERSEA.Yuan18.Cell.Cycle	Cell.Cycle	BORA
CANCERSEA.Yuan18.Cell.Cycle	Cell.Cycle	PIF1
CANCERSEA.Yuan18.Cell.Cycle	Cell.Cycle	FANCI
CANCERSEA.Yuan18.Cell.Cycle	Cell.Cycle	LYAR
CANCERSEA.Yuan18.Cell.Cycle	Cell.Cycle	CDCA5
CANCERSEA.Yuan18.Cell.Cycle	Cell.Cycle	DSN1
CANCERSEA.Yuan18.Cell.Cycle	Cell.Cycle	CCNF
CANCERSEA.Yuan18.Cell.Cycle	Cell.Cycle	CDC25A
CANCERSEA.Yuan18.Cell.Cycle	Cell.Cycle	SAP30
CANCERSEA.Yuan18.Cell.Cycle	Cell.Cycle	CDCA7L
CANCERSEA.Yuan18.Cell.Cycle	Cell.Cycle	INTS8
CANCERSEA.Yuan18.Cell.Cycle	Cell.Cycle	MCM7
CANCERSEA.Yuan18.Cell.Cycle	Cell.Cycle	CHAF1A
CANCERSEA.Yuan18.Cell.Cycle	Cell.Cycle	PBK
CANCERSEA.Yuan18.Cell.Cycle	Cell.Cycle	DTYMK
CANCERSEA.Yuan18.Cell.Cycle	Cell.Cycle	APEX2
CANCERSEA.Yuan18.Cell.Cycle	Cell.Cycle	KIF5B
CANCERSEA.Yuan18.Cell.Cycle	Cell.Cycle	SHCBP1
CANCERSEA.Yuan18.Cell.Cycle	Cell.Cycle	ZWILCH
CANCERSEA.Yuan18.Cell.Cycle	Cell.Cycle	KPNA2
CANCERSEA.Yuan18.Cell.Cycle	Cell.Cycle	H2AFX
CANCERSEA.Yuan18.Cell.Cycle	Cell.Cycle	H1F0
CANCERSEA.Yuan18.Cell.Cycle	Cell.Cycle	TUBB
CANCERSEA.Yuan18.Cell.Cycle	Cell.Cycle	HIST1H4C
CANCERSEA.Yuan18.Cell.Cycle	Cell.Cycle	PRC1
CANCERSEA.Yuan18.Cell.Cycle	Cell.Cycle	CENPW
CANCERSEA.Yuan18.Cell.Cycle	Cell.Cycle	MRPS18B
CANCERSEA.Yuan18.Cell.Cycle	Cell.Cycle	MZT1
CANCERSEA.Yuan18.Cell.Cycle	Cell.Cycle	KIFC1
CANCERSEA.Yuan18.Cell.Cycle	Cell.Cycle	KIF22
CANCERSEA.Yuan18.DNA.damage	DNA.damage	BRCA1
CANCERSEA.Yuan18.DNA.damage	DNA.damage	MRE11
CANCERSEA.Yuan18.DNA.damage	DNA.damage	FOXN3
CANCERSEA.Yuan18.DNA.damage	DNA.damage	HIPK2
CANCERSEA.Yuan18.DNA.damage	DNA.damage	SP100
CANCERSEA.Yuan18.DNA.damage	DNA.damage	PSME4
CANCERSEA.Yuan18.DNA.damage	DNA.damage	RPS6KA6
CANCERSEA.Yuan18.DNA.damage	DNA.damage	TP63
CANCERSEA.Yuan18.DNA.damage	DNA.damage	GTSE1
CANCERSEA.Yuan18.DNA.damage	DNA.damage	PPP2R5C
CANCERSEA.Yuan18.DNA.damage	DNA.damage	TP73
CANCERSEA.Yuan18.DNA.damage	DNA.damage	CNOT4
CANCERSEA.Yuan18.DNA.damage	DNA.damage	DNAJA1
CANCERSEA.Yuan18.DNA.damage	DNA.damage	BAX
CANCERSEA.Yuan18.DNA.damage	DNA.damage	UIMC1
CANCERSEA.Yuan18.DNA.damage	DNA.damage	AURKA
CANCERSEA.Yuan18.DNA.damage	DNA.damage	CNOT3
CANCERSEA.Yuan18.DNA.damage	DNA.damage	PCBP4
CANCERSEA.Yuan18.DNA.damage	DNA.damage	TFAP4
CANCERSEA.Yuan18.DNA.damage	DNA.damage	E2F1
CANCERSEA.Yuan18.DNA.damage	DNA.damage	RGCC
CANCERSEA.Yuan18.DNA.damage	DNA.damage	RBL2
CANCERSEA.Yuan18.DNA.damage	DNA.damage	NBN
CANCERSEA.Yuan18.DNA.damage	DNA.damage	GML
CANCERSEA.Yuan18.DNA.damage	DNA.damage	BABAM1
CANCERSEA.Yuan18.DNA.damage	DNA.damage	CASP2
CANCERSEA.Yuan18.DNA.damage	DNA.damage	CDK5RAP3
CANCERSEA.Yuan18.DNA.damage	DNA.damage	CCND1
CANCERSEA.Yuan18.DNA.damage	DNA.damage	FOXM1
CANCERSEA.Yuan18.DNA.damage	DNA.damage	CDKN1B
CANCERSEA.Yuan18.DNA.damage	DNA.damage	CNOT2
CANCERSEA.Yuan18.DNA.damage	DNA.damage	ING4
CANCERSEA.Yuan18.DNA.damage	DNA.damage	CNOT6
CANCERSEA.Yuan18.DNA.damage	DNA.damage	TFDP2
CANCERSEA.Yuan18.DNA.damage	DNA.damage	NEK11
CANCERSEA.Yuan18.DNA.damage	DNA.damage	PSMD14
CANCERSEA.Yuan18.DNA.damage	DNA.damage	ARID3A
CANCERSEA.Yuan18.DNA.damage	DNA.damage	MAD2L2
CANCERSEA.Yuan18.DNA.damage	DNA.damage	GADD45A
CANCERSEA.Yuan18.DNA.damage	DNA.damage	SYF2
CANCERSEA.Yuan18.DNA.damage	DNA.damage	RPA2
CANCERSEA.Yuan18.DNA.damage	DNA.damage	PLAGL1
CANCERSEA.Yuan18.DNA.damage	DNA.damage	RBBP6
CANCERSEA.Yuan18.DNA.damage	DNA.damage	CDK2
CANCERSEA.Yuan18.DNA.damage	DNA.damage	CDKN1A
CANCERSEA.Yuan18.DNA.damage	DNA.damage	SOX4
CANCERSEA.Yuan18.DNA.damage	DNA.damage	CNOT1
CANCERSEA.Yuan18.DNA.damage	DNA.damage	PRMT1
CANCERSEA.Yuan18.DNA.damage	DNA.damage	BCL2L2
CANCERSEA.Yuan18.DNA.damage	DNA.damage	PCNA
CANCERSEA.Yuan18.DNA.damage	DNA.damage	RBM38
CANCERSEA.Yuan18.DNA.damage	DNA.damage	CCNB1
CANCERSEA.Yuan18.DNA.damage	DNA.damage	TAOK3
CANCERSEA.Yuan18.DNA.damage	DNA.damage	MDM2
CANCERSEA.Yuan18.DNA.damage	DNA.damage	CNOT6L
CANCERSEA.Yuan18.DNA.damage	DNA.damage	BRCA2
CANCERSEA.Yuan18.DNA.damage	DNA.damage	PML
CANCERSEA.Yuan18.DNA.damage	DNA.damage	FANCI
CANCERSEA.Yuan18.DNA.damage	DNA.damage	TP53
CANCERSEA.Yuan18.DNA.damage	DNA.damage	PMAIP1
CANCERSEA.Yuan18.DNA.damage	DNA.damage	CARM1
CANCERSEA.Yuan18.DNA.damage	DNA.damage	DTL
CANCERSEA.Yuan18.DNA.damage	DNA.damage	RPS27A
CANCERSEA.Yuan18.DNA.damage	DNA.damage	CNOT9
CANCERSEA.Yuan18.DNA.damage	DNA.damage	CCNA2
CANCERSEA.Yuan18.DNA.damage	DNA.damage	PLK2
CANCERSEA.Yuan18.DNA.damage	DNA.damage	TNKS1BP1
CANCERSEA.Yuan18.DNA.damage	DNA.damage	RPS3
CANCERSEA.Yuan18.DNA.damage	DNA.damage	ATM
CANCERSEA.Yuan18.DNA.damage	DNA.damage	CHEK1
CANCERSEA.Yuan18.DNA.damage	DNA.damage	HMGA2
CANCERSEA.Yuan18.DNA.damage	DNA.damage	UBC
CANCERSEA.Yuan18.DNA.damage	DNA.damage	CENPJ
CANCERSEA.Yuan18.DNA.damage	DNA.damage	XPC
CANCERSEA.Yuan18.DNA.damage	DNA.damage	CNOT8
CANCERSEA.Yuan18.DNA.damage	DNA.damage	BABAM2
CANCERSEA.Yuan18.DNA.damage	DNA.damage	CDC25C
CANCERSEA.Yuan18.DNA.damage	DNA.damage	CNOT11
CANCERSEA.Yuan18.DNA.damage	DNA.damage	BTG2
CANCERSEA.Yuan18.DNA.damage	DNA.damage	ZNF385A
CANCERSEA.Yuan18.DNA.damage	DNA.damage	USP1
CANCERSEA.Yuan18.DNA.damage	DNA.damage	ABRAXAS1
CANCERSEA.Yuan18.DNA.damage	DNA.damage	RNF168
CANCERSEA.Yuan18.DNA.damage	DNA.damage	SPIDR
CANCERSEA.Yuan18.DNA.damage	DNA.damage	E2F7
CANCERSEA.Yuan18.DNA.damage	DNA.damage	CRADD
CANCERSEA.Yuan18.DNA.damage	DNA.damage	CDK1
CANCERSEA.Yuan18.DNA.damage	DNA.damage	UBB
CANCERSEA.Yuan18.DNA.damage	DNA.damage	TRIAP1
CANCERSEA.Yuan18.DNA.damage	DNA.damage	RAD9A
CANCERSEA.Yuan18.DNA.damage	DNA.damage	KAT5
CANCERSEA.Yuan18.DNA.damage	DNA.damage	PLK3
CANCERSEA.Yuan18.DNA.damage	DNA.damage	ATR
CANCERSEA.Yuan18.DNA.damage	DNA.damage	SFN
CANCERSEA.Yuan18.DNA.damage	DNA.damage	HIC1
CANCERSEA.Yuan18.DNA.damage	DNA.damage	PIDD1
CANCERSEA.Yuan18.DNA.damage	DNA.damage	UBE2N
CANCERSEA.Yuan18.DNA.damage	DNA.damage	NPM1
CANCERSEA.Yuan18.DNA.damage	DNA.damage	CNOT10
CANCERSEA.Yuan18.DNA.damage	DNA.damage	CHEK2
CANCERSEA.Yuan18.DNA.damage	DNA.damage	FOXO4
CANCERSEA.Yuan18.DNA.damage	DNA.damage	MUC1
CANCERSEA.Yuan18.DNA.damage	DNA.damage	BRCC3
CANCERSEA.Yuan18.DNA.damage	DNA.damage	BLM
CANCERSEA.Yuan18.DNA.damage	DNA.damage	TFDP1
CANCERSEA.Yuan18.DNA.damage	DNA.damage	MDM4
CANCERSEA.Yuan18.DNA.damage	DNA.damage	CNOT7
CANCERSEA.Yuan18.DNA.damage	DNA.damage	E2F4
CANCERSEA.Yuan18.DNA.damage	DNA.damage	UBA52
CANCERSEA.Yuan18.DNA.damage	DNA.damage	PRKDC
CANCERSEA.Yuan18.DNA.repair	DNA.repair	RAD52
CANCERSEA.Yuan18.DNA.repair	DNA.repair	POLR2J
CANCERSEA.Yuan18.DNA.repair	DNA.repair	LIG3
CANCERSEA.Yuan18.DNA.repair	DNA.repair	REV3L
CANCERSEA.Yuan18.DNA.repair	DNA.repair	BRCA1
CANCERSEA.Yuan18.DNA.repair	DNA.repair	ERCC1
CANCERSEA.Yuan18.DNA.repair	DNA.repair	MNAT1
CANCERSEA.Yuan18.DNA.repair	DNA.repair	MRE11
CANCERSEA.Yuan18.DNA.repair	DNA.repair	RFC1
CANCERSEA.Yuan18.DNA.repair	DNA.repair	TDP1
CANCERSEA.Yuan18.DNA.repair	DNA.repair	RRM2B
CANCERSEA.Yuan18.DNA.repair	DNA.repair	ERCC8
CANCERSEA.Yuan18.DNA.repair	DNA.repair	RFC2
CANCERSEA.Yuan18.DNA.repair	DNA.repair	POLD1
CANCERSEA.Yuan18.DNA.repair	DNA.repair	NTHL1
CANCERSEA.Yuan18.DNA.repair	DNA.repair	TP53BP1
CANCERSEA.Yuan18.DNA.repair	DNA.repair	POLB
CANCERSEA.Yuan18.DNA.repair	DNA.repair	XRCC1
CANCERSEA.Yuan18.DNA.repair	DNA.repair	XAB2
CANCERSEA.Yuan18.DNA.repair	DNA.repair	POLD3
CANCERSEA.Yuan18.DNA.repair	DNA.repair	XRCC5
CANCERSEA.Yuan18.DNA.repair	DNA.repair	RIF1
CANCERSEA.Yuan18.DNA.repair	DNA.repair	PALB2
CANCERSEA.Yuan18.DNA.repair	DNA.repair	SIRT1
CANCERSEA.Yuan18.DNA.repair	DNA.repair	POLR2E
CANCERSEA.Yuan18.DNA.repair	DNA.repair	POLR2F
CANCERSEA.Yuan18.DNA.repair	DNA.repair	POLE2
CANCERSEA.Yuan18.DNA.repair	DNA.repair	APEX1
CANCERSEA.Yuan18.DNA.repair	DNA.repair	POLI
CANCERSEA.Yuan18.DNA.repair	DNA.repair	POLA1
CANCERSEA.Yuan18.DNA.repair	DNA.repair	POLR2C
CANCERSEA.Yuan18.DNA.repair	DNA.repair	MPG
CANCERSEA.Yuan18.DNA.repair	DNA.repair	NBN
CANCERSEA.Yuan18.DNA.repair	DNA.repair	ERCC2
CANCERSEA.Yuan18.DNA.repair	DNA.repair	POLR2I
CANCERSEA.Yuan18.DNA.repair	DNA.repair	LIG1
CANCERSEA.Yuan18.DNA.repair	DNA.repair	RPA3
CANCERSEA.Yuan18.DNA.repair	DNA.repair	POLD2
CANCERSEA.Yuan18.DNA.repair	DNA.repair	RAD51C
CANCERSEA.Yuan18.DNA.repair	DNA.repair	GTF2H1
CANCERSEA.Yuan18.DNA.repair	DNA.repair	RAD51AP1
CANCERSEA.Yuan18.DNA.repair	DNA.repair	GTF2H3
CANCERSEA.Yuan18.DNA.repair	DNA.repair	RFC5
CANCERSEA.Yuan18.DNA.repair	DNA.repair	FANCE
CANCERSEA.Yuan18.DNA.repair	DNA.repair	RAD50
CANCERSEA.Yuan18.DNA.repair	DNA.repair	OGG1
CANCERSEA.Yuan18.DNA.repair	DNA.repair	FANCL
CANCERSEA.Yuan18.DNA.repair	DNA.repair	MAD2L2
CANCERSEA.Yuan18.DNA.repair	DNA.repair	RPA2
CANCERSEA.Yuan18.DNA.repair	DNA.repair	RAD23B
CANCERSEA.Yuan18.DNA.repair	DNA.repair	POLK
CANCERSEA.Yuan18.DNA.repair	DNA.repair	SMUG1
CANCERSEA.Yuan18.DNA.repair	DNA.repair	WRNIP1
CANCERSEA.Yuan18.DNA.repair	DNA.repair	XRCC3
CANCERSEA.Yuan18.DNA.repair	DNA.repair	MBD4
CANCERSEA.Yuan18.DNA.repair	DNA.repair	POLN
CANCERSEA.Yuan18.DNA.repair	DNA.repair	RPA1
CANCERSEA.Yuan18.DNA.repair	DNA.repair	PCNA
CANCERSEA.Yuan18.DNA.repair	DNA.repair	MUTYH
CANCERSEA.Yuan18.DNA.repair	DNA.repair	RFC3
CANCERSEA.Yuan18.DNA.repair	DNA.repair	CDK7
CANCERSEA.Yuan18.DNA.repair	DNA.repair	CCNH
CANCERSEA.Yuan18.DNA.repair	DNA.repair	DDB2
CANCERSEA.Yuan18.DNA.repair	DNA.repair	REV1
CANCERSEA.Yuan18.DNA.repair	DNA.repair	BRIP1
CANCERSEA.Yuan18.DNA.repair	DNA.repair	XPA
CANCERSEA.Yuan18.DNA.repair	DNA.repair	TDG
CANCERSEA.Yuan18.DNA.repair	DNA.repair	BRCA2
CANCERSEA.Yuan18.DNA.repair	DNA.repair	TP53
CANCERSEA.Yuan18.DNA.repair	DNA.repair	PARP1
CANCERSEA.Yuan18.DNA.repair	DNA.repair	RPS27A
CANCERSEA.Yuan18.DNA.repair	DNA.repair	POLR2D
CANCERSEA.Yuan18.DNA.repair	DNA.repair	FANCD2
CANCERSEA.Yuan18.DNA.repair	DNA.repair	CETN2
CANCERSEA.Yuan18.DNA.repair	DNA.repair	POLR2K
CANCERSEA.Yuan18.DNA.repair	DNA.repair	SSRP1
CANCERSEA.Yuan18.DNA.repair	DNA.repair	ATM
CANCERSEA.Yuan18.DNA.repair	DNA.repair	XRCC4
CANCERSEA.Yuan18.DNA.repair	DNA.repair	CCNO
CANCERSEA.Yuan18.DNA.repair	DNA.repair	XPC
CANCERSEA.Yuan18.DNA.repair	DNA.repair	FANCC
CANCERSEA.Yuan18.DNA.repair	DNA.repair	ERCC3
CANCERSEA.Yuan18.DNA.repair	DNA.repair	POLR2H
CANCERSEA.Yuan18.DNA.repair	DNA.repair	RFC4
CANCERSEA.Yuan18.DNA.repair	DNA.repair	HMGB2
CANCERSEA.Yuan18.DNA.repair	DNA.repair	WRN
CANCERSEA.Yuan18.DNA.repair	DNA.repair	POLL
CANCERSEA.Yuan18.DNA.repair	DNA.repair	ALKBH3
CANCERSEA.Yuan18.DNA.repair	DNA.repair	DDB1
CANCERSEA.Yuan18.DNA.repair	DNA.repair	POLR2G
CANCERSEA.Yuan18.DNA.repair	DNA.repair	FEN1
CANCERSEA.Yuan18.DNA.repair	DNA.repair	UBE2V2
CANCERSEA.Yuan18.DNA.repair	DNA.repair	MGMT
CANCERSEA.Yuan18.DNA.repair	DNA.repair	POLH
CANCERSEA.Yuan18.DNA.repair	DNA.repair	EXO1
CANCERSEA.Yuan18.DNA.repair	DNA.repair	LIG4
CANCERSEA.Yuan18.DNA.repair	DNA.repair	ATR
CANCERSEA.Yuan18.DNA.repair	DNA.repair	POLD4
CANCERSEA.Yuan18.DNA.repair	DNA.repair	ERCC4
CANCERSEA.Yuan18.DNA.repair	DNA.repair	POLE
CANCERSEA.Yuan18.DNA.repair	DNA.repair	TOP3A
CANCERSEA.Yuan18.DNA.repair	DNA.repair	UBE2N
CANCERSEA.Yuan18.DNA.repair	DNA.repair	FANCB
CANCERSEA.Yuan18.DNA.repair	DNA.repair	RAD51B
CANCERSEA.Yuan18.DNA.repair	DNA.repair	FANCF
CANCERSEA.Yuan18.DNA.repair	DNA.repair	RAD51D
CANCERSEA.Yuan18.DNA.repair	DNA.repair	FANCA
CANCERSEA.Yuan18.DNA.repair	DNA.repair	FANCM
CANCERSEA.Yuan18.DNA.repair	DNA.repair	H2AFX
CANCERSEA.Yuan18.DNA.repair	DNA.repair	ALKBH2
CANCERSEA.Yuan18.DNA.repair	DNA.repair	HMGB1
CANCERSEA.Yuan18.DNA.repair	DNA.repair	XRCC6
CANCERSEA.Yuan18.DNA.repair	DNA.repair	XRCC2
CANCERSEA.Yuan18.DNA.repair	DNA.repair	BLM
CANCERSEA.Yuan18.DNA.repair	DNA.repair	GTF2H4
CANCERSEA.Yuan18.DNA.repair	DNA.repair	FANCG
CANCERSEA.Yuan18.DNA.repair	DNA.repair	UBA52
CANCERSEA.Yuan18.DNA.repair	DNA.repair	PRKDC
CANCERSEA.Yuan18.DNA.repair	DNA.repair	GTF2H5
CANCERSEA.Yuan18.Differentiation	Differentiation	ABL1
CANCERSEA.Yuan18.Differentiation	Differentiation	ACVR1
CANCERSEA.Yuan18.Differentiation	Differentiation	ADA
CANCERSEA.Yuan18.Differentiation	Differentiation	AGT
CANCERSEA.Yuan18.Differentiation	Differentiation	AKT1
CANCERSEA.Yuan18.Differentiation	Differentiation	ANXA1
CANCERSEA.Yuan18.Differentiation	Differentiation	ATOH1
CANCERSEA.Yuan18.Differentiation	Differentiation	ATP2B2
CANCERSEA.Yuan18.Differentiation	Differentiation	ATP7A
CANCERSEA.Yuan18.Differentiation	Differentiation	AXL
CANCERSEA.Yuan18.Differentiation	Differentiation	BCL2
CANCERSEA.Yuan18.Differentiation	Differentiation	BCL3
CANCERSEA.Yuan18.Differentiation	Differentiation	PRDM1
CANCERSEA.Yuan18.Differentiation	Differentiation	BMP2
CANCERSEA.Yuan18.Differentiation	Differentiation	BMP6
CANCERSEA.Yuan18.Differentiation	Differentiation	BRAF
CANCERSEA.Yuan18.Differentiation	Differentiation	CASP8
CANCERSEA.Yuan18.Differentiation	Differentiation	CAV3
CANCERSEA.Yuan18.Differentiation	Differentiation	RUNX2
CANCERSEA.Yuan18.Differentiation	Differentiation	RUNX1
CANCERSEA.Yuan18.Differentiation	Differentiation	CCNB1
CANCERSEA.Yuan18.Differentiation	Differentiation	CD86
CANCERSEA.Yuan18.Differentiation	Differentiation	CDK1
CANCERSEA.Yuan18.Differentiation	Differentiation	CDC42
CANCERSEA.Yuan18.Differentiation	Differentiation	CDH2
CANCERSEA.Yuan18.Differentiation	Differentiation	CEBPA
CANCERSEA.Yuan18.Differentiation	Differentiation	CEBPB
CANCERSEA.Yuan18.Differentiation	Differentiation	CREB1
CANCERSEA.Yuan18.Differentiation	Differentiation	MAPK14
CANCERSEA.Yuan18.Differentiation	Differentiation	CSF1
CANCERSEA.Yuan18.Differentiation	Differentiation	CSF1R
CANCERSEA.Yuan18.Differentiation	Differentiation	CSF2
CANCERSEA.Yuan18.Differentiation	Differentiation	DRD1
CANCERSEA.Yuan18.Differentiation	Differentiation	EDN3
CANCERSEA.Yuan18.Differentiation	Differentiation	EDNRB
CANCERSEA.Yuan18.Differentiation	Differentiation	EPHA2
CANCERSEA.Yuan18.Differentiation	Differentiation	EMX1
CANCERSEA.Yuan18.Differentiation	Differentiation	EP300
CANCERSEA.Yuan18.Differentiation	Differentiation	ERBB4
CANCERSEA.Yuan18.Differentiation	Differentiation	ERCC2
CANCERSEA.Yuan18.Differentiation	Differentiation	FGF8
CANCERSEA.Yuan18.Differentiation	Differentiation	FGFR1
CANCERSEA.Yuan18.Differentiation	Differentiation	FGFR2
CANCERSEA.Yuan18.Differentiation	Differentiation	FOXC2
CANCERSEA.Yuan18.Differentiation	Differentiation	FLT3LG
CANCERSEA.Yuan18.Differentiation	Differentiation	MTOR
CANCERSEA.Yuan18.Differentiation	Differentiation	GATA1
CANCERSEA.Yuan18.Differentiation	Differentiation	GATA4
CANCERSEA.Yuan18.Differentiation	Differentiation	GATA6
CANCERSEA.Yuan18.Differentiation	Differentiation	GDNF
CANCERSEA.Yuan18.Differentiation	Differentiation	GNAS
CANCERSEA.Yuan18.Differentiation	Differentiation	HDAC2
CANCERSEA.Yuan18.Differentiation	Differentiation	NCKAP1L
CANCERSEA.Yuan18.Differentiation	Differentiation	NRG1
CANCERSEA.Yuan18.Differentiation	Differentiation	HHEX
CANCERSEA.Yuan18.Differentiation	Differentiation	HIF1A
CANCERSEA.Yuan18.Differentiation	Differentiation	HMGB1
CANCERSEA.Yuan18.Differentiation	Differentiation	FOXA1
CANCERSEA.Yuan18.Differentiation	Differentiation	HOXA5
CANCERSEA.Yuan18.Differentiation	Differentiation	IGF1
CANCERSEA.Yuan18.Differentiation	Differentiation	IL2
CANCERSEA.Yuan18.Differentiation	Differentiation	IL4R
CANCERSEA.Yuan18.Differentiation	Differentiation	IL11
CANCERSEA.Yuan18.Differentiation	Differentiation	IL12B
CANCERSEA.Yuan18.Differentiation	Differentiation	IL15
CANCERSEA.Yuan18.Differentiation	Differentiation	ILK
CANCERSEA.Yuan18.Differentiation	Differentiation	INSM1
CANCERSEA.Yuan18.Differentiation	Differentiation	IRF4
CANCERSEA.Yuan18.Differentiation	Differentiation	JAG2
CANCERSEA.Yuan18.Differentiation	Differentiation	JUN
CANCERSEA.Yuan18.Differentiation	Differentiation	JUNB
CANCERSEA.Yuan18.Differentiation	Differentiation	KIT
CANCERSEA.Yuan18.Differentiation	Differentiation	LAMB2
CANCERSEA.Yuan18.Differentiation	Differentiation	LEP
CANCERSEA.Yuan18.Differentiation	Differentiation	LGALS1
CANCERSEA.Yuan18.Differentiation	Differentiation	LGALS9
CANCERSEA.Yuan18.Differentiation	Differentiation	LHX1
CANCERSEA.Yuan18.Differentiation	Differentiation	LIF
CANCERSEA.Yuan18.Differentiation	Differentiation	LMNA
CANCERSEA.Yuan18.Differentiation	Differentiation	LYN
CANCERSEA.Yuan18.Differentiation	Differentiation	SMAD4
CANCERSEA.Yuan18.Differentiation	Differentiation	MEF2A
CANCERSEA.Yuan18.Differentiation	Differentiation	MEF2C
CANCERSEA.Yuan18.Differentiation	Differentiation	KITLG
CANCERSEA.Yuan18.Differentiation	Differentiation	MMP14
CANCERSEA.Yuan18.Differentiation	Differentiation	MYF5
CANCERSEA.Yuan18.Differentiation	Differentiation	MYF6
CANCERSEA.Yuan18.Differentiation	Differentiation	MYH9
CANCERSEA.Yuan18.Differentiation	Differentiation	MYO7A
CANCERSEA.Yuan18.Differentiation	Differentiation	MYOD1
CANCERSEA.Yuan18.Differentiation	Differentiation	MYOG
CANCERSEA.Yuan18.Differentiation	Differentiation	NFATC2
CANCERSEA.Yuan18.Differentiation	Differentiation	NFIB
CANCERSEA.Yuan18.Differentiation	Differentiation	NTRK1
CANCERSEA.Yuan18.Differentiation	Differentiation	NTRK2
CANCERSEA.Yuan18.Differentiation	Differentiation	PAFAH1B1
CANCERSEA.Yuan18.Differentiation	Differentiation	PAX2
CANCERSEA.Yuan18.Differentiation	Differentiation	PF4
CANCERSEA.Yuan18.Differentiation	Differentiation	PITX2
CANCERSEA.Yuan18.Differentiation	Differentiation	PLS3
CANCERSEA.Yuan18.Differentiation	Differentiation	POU4F3
CANCERSEA.Yuan18.Differentiation	Differentiation	PPARG
CANCERSEA.Yuan18.Differentiation	Differentiation	MAPK3
CANCERSEA.Yuan18.Differentiation	Differentiation	MAP2K1
CANCERSEA.Yuan18.Differentiation	Differentiation	PROX1
CANCERSEA.Yuan18.Differentiation	Differentiation	PSEN1
CANCERSEA.Yuan18.Differentiation	Differentiation	PTGER4
CANCERSEA.Yuan18.Differentiation	Differentiation	PTN
CANCERSEA.Yuan18.Differentiation	Differentiation	PTPN11
CANCERSEA.Yuan18.Differentiation	Differentiation	PTPRZ1
CANCERSEA.Yuan18.Differentiation	Differentiation	RAC1
CANCERSEA.Yuan18.Differentiation	Differentiation	RAG1
CANCERSEA.Yuan18.Differentiation	Differentiation	RB1
CANCERSEA.Yuan18.Differentiation	Differentiation	RELB
CANCERSEA.Yuan18.Differentiation	Differentiation	RXRA
CANCERSEA.Yuan18.Differentiation	Differentiation	CCL19
CANCERSEA.Yuan18.Differentiation	Differentiation	SHOX2
CANCERSEA.Yuan18.Differentiation	Differentiation	SNAI1
CANCERSEA.Yuan18.Differentiation	Differentiation	SOD1
CANCERSEA.Yuan18.Differentiation	Differentiation	SOX4
CANCERSEA.Yuan18.Differentiation	Differentiation	SOX10
CANCERSEA.Yuan18.Differentiation	Differentiation	SOX11
CANCERSEA.Yuan18.Differentiation	Differentiation	SP3
CANCERSEA.Yuan18.Differentiation	Differentiation	SPI1
CANCERSEA.Yuan18.Differentiation	Differentiation	SRF
CANCERSEA.Yuan18.Differentiation	Differentiation	STAT5B
CANCERSEA.Yuan18.Differentiation	Differentiation	STK11
CANCERSEA.Yuan18.Differentiation	Differentiation	SYK
CANCERSEA.Yuan18.Differentiation	Differentiation	TAL1
CANCERSEA.Yuan18.Differentiation	Differentiation	TGFB2
CANCERSEA.Yuan18.Differentiation	Differentiation	TGFBR2
CANCERSEA.Yuan18.Differentiation	Differentiation	THRA
CANCERSEA.Yuan18.Differentiation	Differentiation	NKX2-1
CANCERSEA.Yuan18.Differentiation	Differentiation	TRAF6
CANCERSEA.Yuan18.Differentiation	Differentiation	TSC1
CANCERSEA.Yuan18.Differentiation	Differentiation	VEGFA
CANCERSEA.Yuan18.Differentiation	Differentiation	WNT7A
CANCERSEA.Yuan18.Differentiation	Differentiation	WNT8A
CANCERSEA.Yuan18.Differentiation	Differentiation	WNT11
CANCERSEA.Yuan18.Differentiation	Differentiation	WT1
CANCERSEA.Yuan18.Differentiation	Differentiation	ZAP70
CANCERSEA.Yuan18.Differentiation	Differentiation	EOMES
CANCERSEA.Yuan18.Differentiation	Differentiation	SEMA7A
CANCERSEA.Yuan18.Differentiation	Differentiation	TNFSF11
CANCERSEA.Yuan18.Differentiation	Differentiation	TP63
CANCERSEA.Yuan18.Differentiation	Differentiation	TNFSF9
CANCERSEA.Yuan18.Differentiation	Differentiation	FADD
CANCERSEA.Yuan18.Differentiation	Differentiation	NRP1
CANCERSEA.Yuan18.Differentiation	Differentiation	PROM1
CANCERSEA.Yuan18.Differentiation	Differentiation	SLC9A3R1
CANCERSEA.Yuan18.Differentiation	Differentiation	ATG5
CANCERSEA.Yuan18.Differentiation	Differentiation	SLC4A7
CANCERSEA.Yuan18.Differentiation	Differentiation	MAML1
CANCERSEA.Yuan18.Differentiation	Differentiation	ZEB2
CANCERSEA.Yuan18.Differentiation	Differentiation	TSPAN2
CANCERSEA.Yuan18.Differentiation	Differentiation	SEC24B
CANCERSEA.Yuan18.Differentiation	Differentiation	BATF
CANCERSEA.Yuan18.Differentiation	Differentiation	ZBTB1
CANCERSEA.Yuan18.Differentiation	Differentiation	KDM1A
CANCERSEA.Yuan18.Differentiation	Differentiation	KDM6B
CANCERSEA.Yuan18.Differentiation	Differentiation	HEY2
CANCERSEA.Yuan18.Differentiation	Differentiation	SCRIB
CANCERSEA.Yuan18.Differentiation	Differentiation	TENM4
CANCERSEA.Yuan18.Differentiation	Differentiation	BLOC1S6
CANCERSEA.Yuan18.Differentiation	Differentiation	FOXP1
CANCERSEA.Yuan18.Differentiation	Differentiation	BMP10
CANCERSEA.Yuan18.Differentiation	Differentiation	IL20
CANCERSEA.Yuan18.Differentiation	Differentiation	CDON
CANCERSEA.Yuan18.Differentiation	Differentiation	WDPCP
CANCERSEA.Yuan18.Differentiation	Differentiation	LEF1
CANCERSEA.Yuan18.Differentiation	Differentiation	IL23A
CANCERSEA.Yuan18.Differentiation	Differentiation	CLIC5
CANCERSEA.Yuan18.Differentiation	Differentiation	DLL4
CANCERSEA.Yuan18.Differentiation	Differentiation	TMEM100
CANCERSEA.Yuan18.Differentiation	Differentiation	MCOLN3
CANCERSEA.Yuan18.Differentiation	Differentiation	SOX6
CANCERSEA.Yuan18.Differentiation	Differentiation	MESP1
CANCERSEA.Yuan18.Differentiation	Differentiation	CYP26B1
CANCERSEA.Yuan18.Differentiation	Differentiation	FAM20C
CANCERSEA.Yuan18.Differentiation	Differentiation	OVOL2
CANCERSEA.Yuan18.Differentiation	Differentiation	SAV1
CANCERSEA.Yuan18.Differentiation	Differentiation	SEMA4A
CANCERSEA.Yuan18.Differentiation	Differentiation	BCL11B
CANCERSEA.Yuan18.Differentiation	Differentiation	NKAP
CANCERSEA.Yuan18.Differentiation	Differentiation	PDZD7
CANCERSEA.Yuan18.Differentiation	Differentiation	WNT5B
CANCERSEA.Yuan18.Differentiation	Differentiation	DCSTAMP
CANCERSEA.Yuan18.Differentiation	Differentiation	GDPD5
CANCERSEA.Yuan18.Differentiation	Differentiation	SLITRK6
CANCERSEA.Yuan18.Differentiation	Differentiation	MYLK3
CANCERSEA.Yuan18.Differentiation	Differentiation	TMC1
CANCERSEA.Yuan18.Differentiation	Differentiation	OCSTAMP
CANCERSEA.Yuan18.Differentiation	Differentiation	IL31RA
CANCERSEA.Yuan18.Differentiation	Differentiation	IL23R
CANCERSEA.Yuan18.Differentiation	Differentiation	GDF7
CANCERSEA.Yuan18.Differentiation	Differentiation	NKX2-3
CANCERSEA.Yuan18.Differentiation	Differentiation	STRC
CANCERSEA.Yuan18.Differentiation	Differentiation	ARX
CANCERSEA.Yuan18.Differentiation	Differentiation	GSX2
CANCERSEA.Yuan18.Differentiation	Differentiation	LHFPL5
CANCERSEA.Yuan18.Differentiation	Differentiation	ATP11C
CANCERSEA.Yuan18.EMT	EMT	BGN
CANCERSEA.Yuan18.EMT	EMT	CDH11
CANCERSEA.Yuan18.EMT	EMT	CDH2
CANCERSEA.Yuan18.EMT	EMT	COL1A2
CANCERSEA.Yuan18.EMT	EMT	COL3A1
CANCERSEA.Yuan18.EMT	EMT	COL5A2
CANCERSEA.Yuan18.EMT	EMT	CTGF
CANCERSEA.Yuan18.EMT	EMT	DDR2
CANCERSEA.Yuan18.EMT	EMT	ECM1
CANCERSEA.Yuan18.EMT	EMT	FAP
CANCERSEA.Yuan18.EMT	EMT	FBLN5
CANCERSEA.Yuan18.EMT	EMT	FBN1
CANCERSEA.Yuan18.EMT	EMT	FOXC2
CANCERSEA.Yuan18.EMT	EMT	FSTL1
CANCERSEA.Yuan18.EMT	EMT	GSC
CANCERSEA.Yuan18.EMT	EMT	HAS2
CANCERSEA.Yuan18.EMT	EMT	IGFBP4
CANCERSEA.Yuan18.EMT	EMT	MMP1
CANCERSEA.Yuan18.EMT	EMT	MMP2
CANCERSEA.Yuan18.EMT	EMT	MYL9
CANCERSEA.Yuan18.EMT	EMT	NR2F1
CANCERSEA.Yuan18.EMT	EMT	PCOLCE
CANCERSEA.Yuan18.EMT	EMT	POSTN
CANCERSEA.Yuan18.EMT	EMT	PRRX1
CANCERSEA.Yuan18.EMT	EMT	PTX3
CANCERSEA.Yuan18.EMT	EMT	RGS4
CANCERSEA.Yuan18.EMT	EMT	SNAI1
CANCERSEA.Yuan18.EMT	EMT	SPOCK1
CANCERSEA.Yuan18.EMT	EMT	TAGLN
CANCERSEA.Yuan18.EMT	EMT	TUBA1A
CANCERSEA.Yuan18.EMT	EMT	TWIST1
CANCERSEA.Yuan18.EMT	EMT	VIM
CANCERSEA.Yuan18.EMT	EMT	WNT5A
CANCERSEA.Yuan18.EMT	EMT	ACTA2
CANCERSEA.Yuan18.EMT	EMT	BRCA1
CANCERSEA.Yuan18.EMT	EMT	SERPINH1
CANCERSEA.Yuan18.EMT	EMT	CENPA
CANCERSEA.Yuan18.EMT	EMT	COL1A1
CANCERSEA.Yuan18.EMT	EMT	COL4A1
CANCERSEA.Yuan18.EMT	EMT	COL6A2
CANCERSEA.Yuan18.EMT	EMT	VCAN
CANCERSEA.Yuan18.EMT	EMT	CTSB
CANCERSEA.Yuan18.EMT	EMT	DAB2
CANCERSEA.Yuan18.EMT	EMT	DCK
CANCERSEA.Yuan18.EMT	EMT	FBLN2
CANCERSEA.Yuan18.EMT	EMT	FN1
CANCERSEA.Yuan18.EMT	EMT	GAS1
CANCERSEA.Yuan18.EMT	EMT	HIF1A
CANCERSEA.Yuan18.EMT	EMT	HMMR
CANCERSEA.Yuan18.EMT	EMT	TNC
CANCERSEA.Yuan18.EMT	EMT	ITGAV
CANCERSEA.Yuan18.EMT	EMT	LUM
CANCERSEA.Yuan18.EMT	EMT	MCM3
CANCERSEA.Yuan18.EMT	EMT	MCM7
CANCERSEA.Yuan18.EMT	EMT	MKI67
CANCERSEA.Yuan18.EMT	EMT	MMP14
CANCERSEA.Yuan18.EMT	EMT	NT5E
CANCERSEA.Yuan18.EMT	EMT	ODC1
CANCERSEA.Yuan18.EMT	EMT	PDGFRA
CANCERSEA.Yuan18.EMT	EMT	PLAUR
CANCERSEA.Yuan18.EMT	EMT	PPIC
CANCERSEA.Yuan18.EMT	EMT	HTRA1
CANCERSEA.Yuan18.EMT	EMT	RBL1
CANCERSEA.Yuan18.EMT	EMT	CXCL6
CANCERSEA.Yuan18.EMT	EMT	SDC1
CANCERSEA.Yuan18.EMT	EMT	SDCBP
CANCERSEA.Yuan18.EMT	EMT	TIMP1
CANCERSEA.Yuan18.EMT	EMT	ENC1
CANCERSEA.Yuan18.EMT	EMT	TUBB3
CANCERSEA.Yuan18.EMT	EMT	PLK4
CANCERSEA.Yuan18.EMT	EMT	ORC6
CANCERSEA.Yuan18.EMT	EMT	ANLN
CANCERSEA.Yuan18.EMT	EMT	CAMK2N1
CANCERSEA.Yuan18.EMT	EMT	ENOPH1
CANCERSEA.Yuan18.EMT	EMT	CD44
CANCERSEA.Yuan18.EMT	EMT	LOXL2
CANCERSEA.Yuan18.EMT	EMT	TGFBR3
CANCERSEA.Yuan18.EMT	EMT	WNT16
CANCERSEA.Yuan18.EMT	EMT	WNT2
CANCERSEA.Yuan18.EMT	EMT	TGFBR1
CANCERSEA.Yuan18.EMT	EMT	FGF8
CANCERSEA.Yuan18.EMT	EMT	EPB41L5
CANCERSEA.Yuan18.EMT	EMT	OLFM1
CANCERSEA.Yuan18.EMT	EMT	HEY2
CANCERSEA.Yuan18.EMT	EMT	LEF1
CANCERSEA.Yuan18.EMT	EMT	ERG
CANCERSEA.Yuan18.EMT	EMT	HEY1
CANCERSEA.Yuan18.EMT	EMT	TMEM100
CANCERSEA.Yuan18.EMT	EMT	EFNA1
CANCERSEA.Yuan18.EMT	EMT	S100A4
CANCERSEA.Yuan18.Hypoxia	Hypoxia	PLIN2
CANCERSEA.Yuan18.Hypoxia	Hypoxia	ADM
CANCERSEA.Yuan18.Hypoxia	Hypoxia	ADORA2B
CANCERSEA.Yuan18.Hypoxia	Hypoxia	AK4
CANCERSEA.Yuan18.Hypoxia	Hypoxia	ALDOC
CANCERSEA.Yuan18.Hypoxia	Hypoxia	ANG
CANCERSEA.Yuan18.Hypoxia	Hypoxia	ATF3
CANCERSEA.Yuan18.Hypoxia	Hypoxia	BNIP3
CANCERSEA.Yuan18.Hypoxia	Hypoxia	BNIP3L
CANCERSEA.Yuan18.Hypoxia	Hypoxia	CA9
CANCERSEA.Yuan18.Hypoxia	Hypoxia	CA12
CANCERSEA.Yuan18.Hypoxia	Hypoxia	CAV1
CANCERSEA.Yuan18.Hypoxia	Hypoxia	CCNG2
CANCERSEA.Yuan18.Hypoxia	Hypoxia	KLF6
CANCERSEA.Yuan18.Hypoxia	Hypoxia	DUSP1
CANCERSEA.Yuan18.Hypoxia	Hypoxia	EFNA1
CANCERSEA.Yuan18.Hypoxia	Hypoxia	ENO2
CANCERSEA.Yuan18.Hypoxia	Hypoxia	F3
CANCERSEA.Yuan18.Hypoxia	Hypoxia	FOS
CANCERSEA.Yuan18.Hypoxia	Hypoxia	NR3C1
CANCERSEA.Yuan18.Hypoxia	Hypoxia	GYS1
CANCERSEA.Yuan18.Hypoxia	Hypoxia	HIF1A
CANCERSEA.Yuan18.Hypoxia	Hypoxia	HK1
CANCERSEA.Yuan18.Hypoxia	Hypoxia	HK2
CANCERSEA.Yuan18.Hypoxia	Hypoxia	HMOX1
CANCERSEA.Yuan18.Hypoxia	Hypoxia	IGFBP3
CANCERSEA.Yuan18.Hypoxia	Hypoxia	IL6
CANCERSEA.Yuan18.Hypoxia	Hypoxia	JUN
CANCERSEA.Yuan18.Hypoxia	Hypoxia	LDHA
CANCERSEA.Yuan18.Hypoxia	Hypoxia	LOX
CANCERSEA.Yuan18.Hypoxia	Hypoxia	MIF
CANCERSEA.Yuan18.Hypoxia	Hypoxia	MXI1
CANCERSEA.Yuan18.Hypoxia	Hypoxia	NFIL3
CANCERSEA.Yuan18.Hypoxia	Hypoxia	P4HA1
CANCERSEA.Yuan18.Hypoxia	Hypoxia	SERPINE1
CANCERSEA.Yuan18.Hypoxia	Hypoxia	PAM
CANCERSEA.Yuan18.Hypoxia	Hypoxia	PDGFB
CANCERSEA.Yuan18.Hypoxia	Hypoxia	PDK1
CANCERSEA.Yuan18.Hypoxia	Hypoxia	PFKFB3
CANCERSEA.Yuan18.Hypoxia	Hypoxia	PFKFB4
CANCERSEA.Yuan18.Hypoxia	Hypoxia	PFKP
CANCERSEA.Yuan18.Hypoxia	Hypoxia	PGF
CANCERSEA.Yuan18.Hypoxia	Hypoxia	PGK1
CANCERSEA.Yuan18.Hypoxia	Hypoxia	PGM1
CANCERSEA.Yuan18.Hypoxia	Hypoxia	PLAUR
CANCERSEA.Yuan18.Hypoxia	Hypoxia	PLOD2
CANCERSEA.Yuan18.Hypoxia	Hypoxia	PPP1R3C
CANCERSEA.Yuan18.Hypoxia	Hypoxia	RNASE4
CANCERSEA.Yuan18.Hypoxia	Hypoxia	SAT1
CANCERSEA.Yuan18.Hypoxia	Hypoxia	SLC2A1
CANCERSEA.Yuan18.Hypoxia	Hypoxia	SLC2A3
CANCERSEA.Yuan18.Hypoxia	Hypoxia	SPAG4
CANCERSEA.Yuan18.Hypoxia	Hypoxia	STC1
CANCERSEA.Yuan18.Hypoxia	Hypoxia	TGFBI
CANCERSEA.Yuan18.Hypoxia	Hypoxia	TPI1
CANCERSEA.Yuan18.Hypoxia	Hypoxia	VEGFA
CANCERSEA.Yuan18.Hypoxia	Hypoxia	VLDLR
CANCERSEA.Yuan18.Hypoxia	Hypoxia	CXCR4
CANCERSEA.Yuan18.Hypoxia	Hypoxia	PPFIA4
CANCERSEA.Yuan18.Hypoxia	Hypoxia	BHLHE40
CANCERSEA.Yuan18.Hypoxia	Hypoxia	KLF7
CANCERSEA.Yuan18.Hypoxia	Hypoxia	STC2
CANCERSEA.Yuan18.Hypoxia	Hypoxia	SAP30
CANCERSEA.Yuan18.Hypoxia	Hypoxia	P4HA2
CANCERSEA.Yuan18.Hypoxia	Hypoxia	STBD1
CANCERSEA.Yuan18.Hypoxia	Hypoxia	AKAP12
CANCERSEA.Yuan18.Hypoxia	Hypoxia	CITED2
CANCERSEA.Yuan18.Hypoxia	Hypoxia	NDRG1
CANCERSEA.Yuan18.Hypoxia	Hypoxia	TXNIP
CANCERSEA.Yuan18.Hypoxia	Hypoxia	ZNF292
CANCERSEA.Yuan18.Hypoxia	Hypoxia	JMJD6
CANCERSEA.Yuan18.Hypoxia	Hypoxia	MAFF
CANCERSEA.Yuan18.Hypoxia	Hypoxia	FAM162A
CANCERSEA.Yuan18.Hypoxia	Hypoxia	HILPDA
CANCERSEA.Yuan18.Hypoxia	Hypoxia	ERO1A
CANCERSEA.Yuan18.Hypoxia	Hypoxia	ANGPTL4
CANCERSEA.Yuan18.Hypoxia	Hypoxia	DDIT4
CANCERSEA.Yuan18.Hypoxia	Hypoxia	EGLN1
CANCERSEA.Yuan18.Hypoxia	Hypoxia	KLHL24
CANCERSEA.Yuan18.Hypoxia	Hypoxia	TMEM45A
CANCERSEA.Yuan18.Hypoxia	Hypoxia	KDM3A
CANCERSEA.Yuan18.Hypoxia	Hypoxia	ZNF395
CANCERSEA.Yuan18.Hypoxia	Hypoxia	EGLN3
CANCERSEA.Yuan18.Inflammation	Inflammation	BMP2
CANCERSEA.Yuan18.Inflammation	Inflammation	CD6
CANCERSEA.Yuan18.Inflammation	Inflammation	CEBPB
CANCERSEA.Yuan18.Inflammation	Inflammation	CCR7
CANCERSEA.Yuan18.Inflammation	Inflammation	CSF1
CANCERSEA.Yuan18.Inflammation	Inflammation	F3
CANCERSEA.Yuan18.Inflammation	Inflammation	F12
CANCERSEA.Yuan18.Inflammation	Inflammation	FCER1G
CANCERSEA.Yuan18.Inflammation	Inflammation	B4GALT1
CANCERSEA.Yuan18.Inflammation	Inflammation	FFAR2
CANCERSEA.Yuan18.Inflammation	Inflammation	CXCL1
CANCERSEA.Yuan18.Inflammation	Inflammation	CXCL2
CANCERSEA.Yuan18.Inflammation	Inflammation	CXCL3
CANCERSEA.Yuan18.Inflammation	Inflammation	ICAM1
CANCERSEA.Yuan18.Inflammation	Inflammation	IL1A
CANCERSEA.Yuan18.Inflammation	Inflammation	IL1B
CANCERSEA.Yuan18.Inflammation	Inflammation	IL6
CANCERSEA.Yuan18.Inflammation	Inflammation	CXCL8
CANCERSEA.Yuan18.Inflammation	Inflammation	IL12B
CANCERSEA.Yuan18.Inflammation	Inflammation	TNFRSF9
CANCERSEA.Yuan18.Inflammation	Inflammation	IL18
CANCERSEA.Yuan18.Inflammation	Inflammation	CXCL10
CANCERSEA.Yuan18.Inflammation	Inflammation	IRAK2
CANCERSEA.Yuan18.Inflammation	Inflammation	KLKB1
CANCERSEA.Yuan18.Inflammation	Inflammation	NFKB1
CANCERSEA.Yuan18.Inflammation	Inflammation	NFKB2
CANCERSEA.Yuan18.Inflammation	Inflammation	OLR1
CANCERSEA.Yuan18.Inflammation	Inflammation	OSM
CANCERSEA.Yuan18.Inflammation	Inflammation	SERPINE1
CANCERSEA.Yuan18.Inflammation	Inflammation	MAP2K3
CANCERSEA.Yuan18.Inflammation	Inflammation	PTGS2
CANCERSEA.Yuan18.Inflammation	Inflammation	PTX3
CANCERSEA.Yuan18.Inflammation	Inflammation	REL
CANCERSEA.Yuan18.Inflammation	Inflammation	RELA
CANCERSEA.Yuan18.Inflammation	Inflammation	RELB
CANCERSEA.Yuan18.Inflammation	Inflammation	S100A8
CANCERSEA.Yuan18.Inflammation	Inflammation	CCL2
CANCERSEA.Yuan18.Inflammation	Inflammation	CCL3
CANCERSEA.Yuan18.Inflammation	Inflammation	CCL4
CANCERSEA.Yuan18.Inflammation	Inflammation	CCL5
CANCERSEA.Yuan18.Inflammation	Inflammation	CCL7
CANCERSEA.Yuan18.Inflammation	Inflammation	CCL8
CANCERSEA.Yuan18.Inflammation	Inflammation	CCL18
CANCERSEA.Yuan18.Inflammation	Inflammation	CCL20
CANCERSEA.Yuan18.Inflammation	Inflammation	CCL23
CANCERSEA.Yuan18.Inflammation	Inflammation	CXCL6
CANCERSEA.Yuan18.Inflammation	Inflammation	CXCL11
CANCERSEA.Yuan18.Inflammation	Inflammation	THBS1
CANCERSEA.Yuan18.Inflammation	Inflammation	TLR2
CANCERSEA.Yuan18.Inflammation	Inflammation	TNF
CANCERSEA.Yuan18.Inflammation	Inflammation	TNFSF4
CANCERSEA.Yuan18.Inflammation	Inflammation	VCAM1
CANCERSEA.Yuan18.Inflammation	Inflammation	WNT5A
CANCERSEA.Yuan18.Inflammation	Inflammation	RIPK2
CANCERSEA.Yuan18.Inflammation	Inflammation	SPHK1
CANCERSEA.Yuan18.Inflammation	Inflammation	CCRL2
CANCERSEA.Yuan18.Inflammation	Inflammation	OSMR
CANCERSEA.Yuan18.Inflammation	Inflammation	RASGRP1
CANCERSEA.Yuan18.Inflammation	Inflammation	TNIP1
CANCERSEA.Yuan18.Inflammation	Inflammation	KDM6B
CANCERSEA.Yuan18.Inflammation	Inflammation	TLR7
CANCERSEA.Yuan18.Inflammation	Inflammation	IL23A
CANCERSEA.Yuan18.Inflammation	Inflammation	TNIP2
CANCERSEA.Yuan18.Inflammation	Inflammation	ZC3H12A
CANCERSEA.Yuan18.Inflammation	Inflammation	CCR2
CANCERSEA.Yuan18.Inflammation	Inflammation	ACOD1
CANCERSEA.Yuan18.Inflammation	Inflammation	JAG1
CANCERSEA.Yuan18.Inflammation	Inflammation	ATP2B1
CANCERSEA.Yuan18.Inflammation	Inflammation	CD80
CANCERSEA.Yuan18.Inflammation	Inflammation	CD44
CANCERSEA.Yuan18.Inflammation	Inflammation	CSF3
CANCERSEA.Yuan18.Inflammation	Inflammation	CD55
CANCERSEA.Yuan18.Inflammation	Inflammation	EDN1
CANCERSEA.Yuan18.Inflammation	Inflammation	EREG
CANCERSEA.Yuan18.Inflammation	Inflammation	ACSL1
CANCERSEA.Yuan18.Inflammation	Inflammation	FUT4
CANCERSEA.Yuan18.Inflammation	Inflammation	GCH1
CANCERSEA.Yuan18.Inflammation	Inflammation	GPC3
CANCERSEA.Yuan18.Inflammation	Inflammation	IL1R1
CANCERSEA.Yuan18.Inflammation	Inflammation	ITGB8
CANCERSEA.Yuan18.Inflammation	Inflammation	LIF
CANCERSEA.Yuan18.Inflammation	Inflammation	MARCKS
CANCERSEA.Yuan18.Inflammation	Inflammation	NFKBIA
CANCERSEA.Yuan18.Inflammation	Inflammation	NINJ1
CANCERSEA.Yuan18.Inflammation	Inflammation	SERPINB2
CANCERSEA.Yuan18.Inflammation	Inflammation	PLAUR
CANCERSEA.Yuan18.Inflammation	Inflammation	RGS16
CANCERSEA.Yuan18.Inflammation	Inflammation	SDC4
CANCERSEA.Yuan18.Inflammation	Inflammation	SLC1A2
CANCERSEA.Yuan18.Inflammation	Inflammation	FSCN1
CANCERSEA.Yuan18.Inflammation	Inflammation	STAT5A
CANCERSEA.Yuan18.Inflammation	Inflammation	TNFAIP2
CANCERSEA.Yuan18.Inflammation	Inflammation	BTG2
CANCERSEA.Yuan18.Inflammation	Inflammation	FOSL1
CANCERSEA.Yuan18.Inflammation	Inflammation	SNN
CANCERSEA.Yuan18.Inflammation	Inflammation	PLPP3
CANCERSEA.Yuan18.Inflammation	Inflammation	TNFSF9
CANCERSEA.Yuan18.Inflammation	Inflammation	IER3
CANCERSEA.Yuan18.Inflammation	Inflammation	SLC28A2
CANCERSEA.Yuan18.Inflammation	Inflammation	TRIP10
CANCERSEA.Yuan18.Inflammation	Inflammation	LITAF
CANCERSEA.Yuan18.Inflammation	Inflammation	NAMPT
CANCERSEA.Yuan18.Inflammation	Inflammation	KIF1B
CANCERSEA.Yuan18.Inflammation	Inflammation	DENND5A
CANCERSEA.Yuan18.Inflammation	Inflammation	ICOSLG
CANCERSEA.Yuan18.Inflammation	Inflammation	PPP1R15A
CANCERSEA.Yuan18.Inflammation	Inflammation	MAFF
CANCERSEA.Yuan18.Inflammation	Inflammation	HIPK2
CANCERSEA.Yuan18.Inflammation	Inflammation	G0S2
CANCERSEA.Yuan18.Inflammation	Inflammation	DRAM1
CANCERSEA.Yuan18.Inflammation	Inflammation	TSLP
CANCERSEA.Yuan18.Inflammation	Inflammation	RNF144B
CANCERSEA.Yuan18.Invasion	Invasion	AEBP1
CANCERSEA.Yuan18.Invasion	Invasion	AKR1B1
CANCERSEA.Yuan18.Invasion	Invasion	AMD1
CANCERSEA.Yuan18.Invasion	Invasion	SLC25A5
CANCERSEA.Yuan18.Invasion	Invasion	ATP5PB
CANCERSEA.Yuan18.Invasion	Invasion	BAG1
CANCERSEA.Yuan18.Invasion	Invasion	BGN
CANCERSEA.Yuan18.Invasion	Invasion	C1QB
CANCERSEA.Yuan18.Invasion	Invasion	CALD1
CANCERSEA.Yuan18.Invasion	Invasion	CAPG
CANCERSEA.Yuan18.Invasion	Invasion	CCNE1
CANCERSEA.Yuan18.Invasion	Invasion	CDH11
CANCERSEA.Yuan18.Invasion	Invasion	CKS1B
CANCERSEA.Yuan18.Invasion	Invasion	CKS2
CANCERSEA.Yuan18.Invasion	Invasion	COL1A1
CANCERSEA.Yuan18.Invasion	Invasion	COL1A2
CANCERSEA.Yuan18.Invasion	Invasion	COL3A1
CANCERSEA.Yuan18.Invasion	Invasion	COL5A1
CANCERSEA.Yuan18.Invasion	Invasion	COL5A2
CANCERSEA.Yuan18.Invasion	Invasion	COL6A2
CANCERSEA.Yuan18.Invasion	Invasion	COL6A3
CANCERSEA.Yuan18.Invasion	Invasion	COL10A1
CANCERSEA.Yuan18.Invasion	Invasion	COL11A1
CANCERSEA.Yuan18.Invasion	Invasion	COMP
CANCERSEA.Yuan18.Invasion	Invasion	CSE1L
CANCERSEA.Yuan18.Invasion	Invasion	VCAN
CANCERSEA.Yuan18.Invasion	Invasion	CTSK
CANCERSEA.Yuan18.Invasion	Invasion	DAB2
CANCERSEA.Yuan18.Invasion	Invasion	DDX5
CANCERSEA.Yuan18.Invasion	Invasion	EDNRA
CANCERSEA.Yuan18.Invasion	Invasion	FAP
CANCERSEA.Yuan18.Invasion	Invasion	FBN1
CANCERSEA.Yuan18.Invasion	Invasion	FN1
CANCERSEA.Yuan18.Invasion	Invasion	GNAS
CANCERSEA.Yuan18.Invasion	Invasion	H2AFZ
CANCERSEA.Yuan18.Invasion	Invasion	HMGB2
CANCERSEA.Yuan18.Invasion	Invasion	HNRNPU
CANCERSEA.Yuan18.Invasion	Invasion	HSD17B4
CANCERSEA.Yuan18.Invasion	Invasion	CYR61
CANCERSEA.Yuan18.Invasion	Invasion	INHBA
CANCERSEA.Yuan18.Invasion	Invasion	LAMB1
CANCERSEA.Yuan18.Invasion	Invasion	LAMC1
CANCERSEA.Yuan18.Invasion	Invasion	LGALS1
CANCERSEA.Yuan18.Invasion	Invasion	LOX
CANCERSEA.Yuan18.Invasion	Invasion	LOXL2
CANCERSEA.Yuan18.Invasion	Invasion	LUM
CANCERSEA.Yuan18.Invasion	Invasion	MMP2
CANCERSEA.Yuan18.Invasion	Invasion	MMP11
CANCERSEA.Yuan18.Invasion	Invasion	HNRNPM
CANCERSEA.Yuan18.Invasion	Invasion	NDUFB7
CANCERSEA.Yuan18.Invasion	Invasion	YBX1
CANCERSEA.Yuan18.Invasion	Invasion	PDGFRB
CANCERSEA.Yuan18.Invasion	Invasion	PLAU
CANCERSEA.Yuan18.Invasion	Invasion	PRRX1
CANCERSEA.Yuan18.Invasion	Invasion	PNN
CANCERSEA.Yuan18.Invasion	Invasion	PPIC
CANCERSEA.Yuan18.Invasion	Invasion	PROS1
CANCERSEA.Yuan18.Invasion	Invasion	PSMA2
CANCERSEA.Yuan18.Invasion	Invasion	PSMB4
CANCERSEA.Yuan18.Invasion	Invasion	RGS4
CANCERSEA.Yuan18.Invasion	Invasion	SNAI2
CANCERSEA.Yuan18.Invasion	Invasion	SPOCK1
CANCERSEA.Yuan18.Invasion	Invasion	TGFBI
CANCERSEA.Yuan18.Invasion	Invasion	THBS2
CANCERSEA.Yuan18.Invasion	Invasion	THY1
CANCERSEA.Yuan18.Invasion	Invasion	TNFAIP6
CANCERSEA.Yuan18.Invasion	Invasion	UBE2V2
CANCERSEA.Yuan18.Invasion	Invasion	ADAM12
CANCERSEA.Yuan18.Invasion	Invasion	MFAP5
CANCERSEA.Yuan18.Invasion	Invasion	ITGBL1
CANCERSEA.Yuan18.Invasion	Invasion	TP53I3
CANCERSEA.Yuan18.Invasion	Invasion	NUAK1
CANCERSEA.Yuan18.Invasion	Invasion	HNRNPDL
CANCERSEA.Yuan18.Invasion	Invasion	TXNDC9
CANCERSEA.Yuan18.Invasion	Invasion	LRRC17
CANCERSEA.Yuan18.Invasion	Invasion	IFI30
CANCERSEA.Yuan18.Invasion	Invasion	POSTN
CANCERSEA.Yuan18.Invasion	Invasion	CBX1
CANCERSEA.Yuan18.Invasion	Invasion	NID2
CANCERSEA.Yuan18.Invasion	Invasion	RRAS2
CANCERSEA.Yuan18.Invasion	Invasion	RALY
CANCERSEA.Yuan18.Invasion	Invasion	SEPHS2
CANCERSEA.Yuan18.Invasion	Invasion	HEY1
CANCERSEA.Yuan18.Invasion	Invasion	MXRA5
CANCERSEA.Yuan18.Invasion	Invasion	OLFML2B
CANCERSEA.Yuan18.Invasion	Invasion	TMEM158
CANCERSEA.Yuan18.Invasion	Invasion	WWTR1
CANCERSEA.Yuan18.Invasion	Invasion	GREM1
CANCERSEA.Yuan18.Invasion	Invasion	NOX4
CANCERSEA.Yuan18.Invasion	Invasion	CLEC4A
CANCERSEA.Yuan18.Invasion	Invasion	COPZ2
CANCERSEA.Yuan18.Invasion	Invasion	ASPN
CANCERSEA.Yuan18.Invasion	Invasion	CEMIP
CANCERSEA.Yuan18.Invasion	Invasion	CRISPLD2
CANCERSEA.Yuan18.Invasion	Invasion	TUBB6
CANCERSEA.Yuan18.Invasion	Invasion	LRRC15
CANCERSEA.Yuan18.Invasion	Invasion	TUBB
CANCERSEA.Yuan18.Metastasis	Metastasis	ACKR3
CANCERSEA.Yuan18.Metastasis	Metastasis	AFP
CANCERSEA.Yuan18.Metastasis	Metastasis	AGR2
CANCERSEA.Yuan18.Metastasis	Metastasis	AKT1
CANCERSEA.Yuan18.Metastasis	Metastasis	ALDH1A1
CANCERSEA.Yuan18.Metastasis	Metastasis	ANGPTL4
CANCERSEA.Yuan18.Metastasis	Metastasis	ANXA1
CANCERSEA.Yuan18.Metastasis	Metastasis	ANXA2
CANCERSEA.Yuan18.Metastasis	Metastasis	AQP5
CANCERSEA.Yuan18.Metastasis	Metastasis	ATF3
CANCERSEA.Yuan18.Metastasis	Metastasis	AURKA
CANCERSEA.Yuan18.Metastasis	Metastasis	AXL
CANCERSEA.Yuan18.Metastasis	Metastasis	B2M
CANCERSEA.Yuan18.Metastasis	Metastasis	BMI1
CANCERSEA.Yuan18.Metastasis	Metastasis	BMP2
CANCERSEA.Yuan18.Metastasis	Metastasis	BRAF
CANCERSEA.Yuan18.Metastasis	Metastasis	BSG
CANCERSEA.Yuan18.Metastasis	Metastasis	CA9
CANCERSEA.Yuan18.Metastasis	Metastasis	CCDC88A
CANCERSEA.Yuan18.Metastasis	Metastasis	CCND1
CANCERSEA.Yuan18.Metastasis	Metastasis	CCR7
CANCERSEA.Yuan18.Metastasis	Metastasis	CD24
CANCERSEA.Yuan18.Metastasis	Metastasis	CD274
CANCERSEA.Yuan18.Metastasis	Metastasis	CD44
CANCERSEA.Yuan18.Metastasis	Metastasis	CDCP1
CANCERSEA.Yuan18.Metastasis	Metastasis	CDH17
CANCERSEA.Yuan18.Metastasis	Metastasis	CDH2
CANCERSEA.Yuan18.Metastasis	Metastasis	CEACAM1
CANCERSEA.Yuan18.Metastasis	Metastasis	CEACAM5
CANCERSEA.Yuan18.Metastasis	Metastasis	CLIC1
CANCERSEA.Yuan18.Metastasis	Metastasis	CRP
CANCERSEA.Yuan18.Metastasis	Metastasis	CTGF
CANCERSEA.Yuan18.Metastasis	Metastasis	CTNND1
CANCERSEA.Yuan18.Metastasis	Metastasis	CTSB
CANCERSEA.Yuan18.Metastasis	Metastasis	CTSK
CANCERSEA.Yuan18.Metastasis	Metastasis	CTSL
CANCERSEA.Yuan18.Metastasis	Metastasis	CTTN
CANCERSEA.Yuan18.Metastasis	Metastasis	CXCL12
CANCERSEA.Yuan18.Metastasis	Metastasis	CXCL2
CANCERSEA.Yuan18.Metastasis	Metastasis	CXCL8
CANCERSEA.Yuan18.Metastasis	Metastasis	CXCR2
CANCERSEA.Yuan18.Metastasis	Metastasis	CYR61
CANCERSEA.Yuan18.Metastasis	Metastasis	DDR2
CANCERSEA.Yuan18.Metastasis	Metastasis	EGF
CANCERSEA.Yuan18.Metastasis	Metastasis	EGFR
CANCERSEA.Yuan18.Metastasis	Metastasis	EGR1
CANCERSEA.Yuan18.Metastasis	Metastasis	EPAS1
CANCERSEA.Yuan18.Metastasis	Metastasis	EPCAM
CANCERSEA.Yuan18.Metastasis	Metastasis	ERBB2
CANCERSEA.Yuan18.Metastasis	Metastasis	ERBB3
CANCERSEA.Yuan18.Metastasis	Metastasis	ESR1
CANCERSEA.Yuan18.Metastasis	Metastasis	ESR2
CANCERSEA.Yuan18.Metastasis	Metastasis	EZH2
CANCERSEA.Yuan18.Metastasis	Metastasis	EZR
CANCERSEA.Yuan18.Metastasis	Metastasis	F2RL1
CANCERSEA.Yuan18.Metastasis	Metastasis	FGFR1
CANCERSEA.Yuan18.Metastasis	Metastasis	FLOT2
CANCERSEA.Yuan18.Metastasis	Metastasis	FLT1
CANCERSEA.Yuan18.Metastasis	Metastasis	FLT4
CANCERSEA.Yuan18.Metastasis	Metastasis	FN1
CANCERSEA.Yuan18.Metastasis	Metastasis	FOXC2
CANCERSEA.Yuan18.Metastasis	Metastasis	FOXM1
CANCERSEA.Yuan18.Metastasis	Metastasis	GLI1
CANCERSEA.Yuan18.Metastasis	Metastasis	HGF
CANCERSEA.Yuan18.Metastasis	Metastasis	HIF1A
CANCERSEA.Yuan18.Metastasis	Metastasis	HMGA1
CANCERSEA.Yuan18.Metastasis	Metastasis	HMGA2
CANCERSEA.Yuan18.Metastasis	Metastasis	HPSE
CANCERSEA.Yuan18.Metastasis	Metastasis	ID1
CANCERSEA.Yuan18.Metastasis	Metastasis	IDO1
CANCERSEA.Yuan18.Metastasis	Metastasis	IGF1R
CANCERSEA.Yuan18.Metastasis	Metastasis	IGF2BP3
CANCERSEA.Yuan18.Metastasis	Metastasis	IL6
CANCERSEA.Yuan18.Metastasis	Metastasis	ITGA3
CANCERSEA.Yuan18.Metastasis	Metastasis	ITGA5
CANCERSEA.Yuan18.Metastasis	Metastasis	ITGA6
CANCERSEA.Yuan18.Metastasis	Metastasis	ITGAV
CANCERSEA.Yuan18.Metastasis	Metastasis	ITGB1
CANCERSEA.Yuan18.Metastasis	Metastasis	ITGB3
CANCERSEA.Yuan18.Metastasis	Metastasis	JAG1
CANCERSEA.Yuan18.Metastasis	Metastasis	KDR
CANCERSEA.Yuan18.Metastasis	Metastasis	KRAS
CANCERSEA.Yuan18.Metastasis	Metastasis	KRT19
CANCERSEA.Yuan18.Metastasis	Metastasis	L1CAM
CANCERSEA.Yuan18.Metastasis	Metastasis	LAMC2
CANCERSEA.Yuan18.Metastasis	Metastasis	LASP1
CANCERSEA.Yuan18.Metastasis	Metastasis	LGALS3
CANCERSEA.Yuan18.Metastasis	Metastasis	LOX
CANCERSEA.Yuan18.Metastasis	Metastasis	LOXL2
CANCERSEA.Yuan18.Metastasis	Metastasis	MACC1
CANCERSEA.Yuan18.Metastasis	Metastasis	MCAM
CANCERSEA.Yuan18.Metastasis	Metastasis	MDM2
CANCERSEA.Yuan18.Metastasis	Metastasis	MET
CANCERSEA.Yuan18.Metastasis	Metastasis	MIF
CANCERSEA.Yuan18.Metastasis	Metastasis	MKI67
CANCERSEA.Yuan18.Metastasis	Metastasis	MME
CANCERSEA.Yuan18.Metastasis	Metastasis	MMP1
CANCERSEA.Yuan18.Metastasis	Metastasis	MMP11
CANCERSEA.Yuan18.Metastasis	Metastasis	MMP13
CANCERSEA.Yuan18.Metastasis	Metastasis	MMP14
CANCERSEA.Yuan18.Metastasis	Metastasis	MMP2
CANCERSEA.Yuan18.Metastasis	Metastasis	MMP3
CANCERSEA.Yuan18.Metastasis	Metastasis	MMP7
CANCERSEA.Yuan18.Metastasis	Metastasis	MMP9
CANCERSEA.Yuan18.Metastasis	Metastasis	MSN
CANCERSEA.Yuan18.Metastasis	Metastasis	MST1R
CANCERSEA.Yuan18.Metastasis	Metastasis	MTA1
CANCERSEA.Yuan18.Metastasis	Metastasis	MTDH
CANCERSEA.Yuan18.Metastasis	Metastasis	MUC1
CANCERSEA.Yuan18.Metastasis	Metastasis	MYC
CANCERSEA.Yuan18.Metastasis	Metastasis	NEDD9
CANCERSEA.Yuan18.Metastasis	Metastasis	NOTCH1
CANCERSEA.Yuan18.Metastasis	Metastasis	NTRK2
CANCERSEA.Yuan18.Metastasis	Metastasis	PCNA
CANCERSEA.Yuan18.Metastasis	Metastasis	PDGFRA
CANCERSEA.Yuan18.Metastasis	Metastasis	PDPN
CANCERSEA.Yuan18.Metastasis	Metastasis	PIK3CA
CANCERSEA.Yuan18.Metastasis	Metastasis	PKM
CANCERSEA.Yuan18.Metastasis	Metastasis	PLAU
CANCERSEA.Yuan18.Metastasis	Metastasis	PLAUR
CANCERSEA.Yuan18.Metastasis	Metastasis	POSTN
CANCERSEA.Yuan18.Metastasis	Metastasis	PRKCI
CANCERSEA.Yuan18.Metastasis	Metastasis	PROM1
CANCERSEA.Yuan18.Metastasis	Metastasis	PSCA
CANCERSEA.Yuan18.Metastasis	Metastasis	PTGS2
CANCERSEA.Yuan18.Metastasis	Metastasis	PTHLH
CANCERSEA.Yuan18.Metastasis	Metastasis	PTK2
CANCERSEA.Yuan18.Metastasis	Metastasis	PTP4A3
CANCERSEA.Yuan18.Metastasis	Metastasis	PTTG1
CANCERSEA.Yuan18.Metastasis	Metastasis	PXN
CANCERSEA.Yuan18.Metastasis	Metastasis	RAB25
CANCERSEA.Yuan18.Metastasis	Metastasis	RAC1
CANCERSEA.Yuan18.Metastasis	Metastasis	RELA
CANCERSEA.Yuan18.Metastasis	Metastasis	RHOC
CANCERSEA.Yuan18.Metastasis	Metastasis	ROCK1
CANCERSEA.Yuan18.Metastasis	Metastasis	S100A4
CANCERSEA.Yuan18.Metastasis	Metastasis	SATB1
CANCERSEA.Yuan18.Metastasis	Metastasis	SDCBP
CANCERSEA.Yuan18.Metastasis	Metastasis	SELE
CANCERSEA.Yuan18.Metastasis	Metastasis	SELP
CANCERSEA.Yuan18.Metastasis	Metastasis	SLC2A1
CANCERSEA.Yuan18.Metastasis	Metastasis	SNAI1
CANCERSEA.Yuan18.Metastasis	Metastasis	SNAI2
CANCERSEA.Yuan18.Metastasis	Metastasis	SNCG
CANCERSEA.Yuan18.Metastasis	Metastasis	SOX4
CANCERSEA.Yuan18.Metastasis	Metastasis	SPARC
CANCERSEA.Yuan18.Metastasis	Metastasis	SPP1
CANCERSEA.Yuan18.Metastasis	Metastasis	SRC
CANCERSEA.Yuan18.Metastasis	Metastasis	STAT3
CANCERSEA.Yuan18.Metastasis	Metastasis	STMN1
CANCERSEA.Yuan18.Metastasis	Metastasis	TERT
CANCERSEA.Yuan18.Metastasis	Metastasis	TGFBI
CANCERSEA.Yuan18.Metastasis	Metastasis	TGM2
CANCERSEA.Yuan18.Metastasis	Metastasis	TIMP1
CANCERSEA.Yuan18.Metastasis	Metastasis	TMPRSS4
CANCERSEA.Yuan18.Metastasis	Metastasis	TNFSF11
CANCERSEA.Yuan18.Metastasis	Metastasis	TYMP
CANCERSEA.Yuan18.Metastasis	Metastasis	VCAN
CANCERSEA.Yuan18.Metastasis	Metastasis	VEGFA
CANCERSEA.Yuan18.Metastasis	Metastasis	VEGFC
CANCERSEA.Yuan18.Metastasis	Metastasis	VEGFD
CANCERSEA.Yuan18.Metastasis	Metastasis	VIM
CANCERSEA.Yuan18.Metastasis	Metastasis	WASF3
CANCERSEA.Yuan18.Metastasis	Metastasis	YAP1
CANCERSEA.Yuan18.Metastasis	Metastasis	ZEB1
CANCERSEA.Yuan18.Metastasis	Metastasis	ZEB2
CANCERSEA.Yuan18.Proliferation	Proliferation	ADK
CANCERSEA.Yuan18.Proliferation	Proliferation	BAX
CANCERSEA.Yuan18.Proliferation	Proliferation	CCND1
CANCERSEA.Yuan18.Proliferation	Proliferation	BMPR1A
CANCERSEA.Yuan18.Proliferation	Proliferation	BUB1B
CANCERSEA.Yuan18.Proliferation	Proliferation	CCNA2
CANCERSEA.Yuan18.Proliferation	Proliferation	CCNB1
CANCERSEA.Yuan18.Proliferation	Proliferation	CD40
CANCERSEA.Yuan18.Proliferation	Proliferation	CDK1
CANCERSEA.Yuan18.Proliferation	Proliferation	CDC20
CANCERSEA.Yuan18.Proliferation	Proliferation	CYBA
CANCERSEA.Yuan18.Proliferation	Proliferation	HMGB2
CANCERSEA.Yuan18.Proliferation	Proliferation	IGFBP2
CANCERSEA.Yuan18.Proliferation	Proliferation	MKI67
CANCERSEA.Yuan18.Proliferation	Proliferation	PRKD1
CANCERSEA.Yuan18.Proliferation	Proliferation	TEK
CANCERSEA.Yuan18.Proliferation	Proliferation	TK1
CANCERSEA.Yuan18.Proliferation	Proliferation	TOP2A
CANCERSEA.Yuan18.Proliferation	Proliferation	DLGAP5
CANCERSEA.Yuan18.Proliferation	Proliferation	MELK
CANCERSEA.Yuan18.Proliferation	Proliferation	GINS1
CANCERSEA.Yuan18.Proliferation	Proliferation	KIF14
CANCERSEA.Yuan18.Proliferation	Proliferation	RACGAP1
CANCERSEA.Yuan18.Proliferation	Proliferation	ASPM
CANCERSEA.Yuan18.Proliferation	Proliferation	CD24
CANCERSEA.Yuan18.Proliferation	Proliferation	CX3CL1
CANCERSEA.Yuan18.Proliferation	Proliferation	IGF1
CANCERSEA.Yuan18.Proliferation	Proliferation	CD74
CANCERSEA.Yuan18.Proliferation	Proliferation	TP63
CANCERSEA.Yuan18.Proliferation	Proliferation	FGFR1
CANCERSEA.Yuan18.Proliferation	Proliferation	DCT
CANCERSEA.Yuan18.Proliferation	Proliferation	PTPRC
CANCERSEA.Yuan18.Proliferation	Proliferation	LHX5
CANCERSEA.Yuan18.Proliferation	Proliferation	ESR1
CANCERSEA.Yuan18.Proliferation	Proliferation	ABL1
CANCERSEA.Yuan18.Proliferation	Proliferation	XBP1
CANCERSEA.Yuan18.Proliferation	Proliferation	PDGFB
CANCERSEA.Yuan18.Proliferation	Proliferation	HIF1A
CANCERSEA.Yuan18.Proliferation	Proliferation	CD40LG
CANCERSEA.Yuan18.Proliferation	Proliferation	FGF9
CANCERSEA.Yuan18.Proliferation	Proliferation	FZD3
CANCERSEA.Yuan18.Proliferation	Proliferation	RIPK2
CANCERSEA.Yuan18.Proliferation	Proliferation	NUMBL
CANCERSEA.Yuan18.Proliferation	Proliferation	EBI3
CANCERSEA.Yuan18.Proliferation	Proliferation	WNT2
CANCERSEA.Yuan18.Proliferation	Proliferation	IL2
CANCERSEA.Yuan18.Proliferation	Proliferation	IL23A
CANCERSEA.Yuan18.Proliferation	Proliferation	VEGFA
CANCERSEA.Yuan18.Proliferation	Proliferation	SEMA5A
CANCERSEA.Yuan18.Proliferation	Proliferation	IL4
CANCERSEA.Yuan18.Proliferation	Proliferation	CD86
CANCERSEA.Yuan18.Proliferation	Proliferation	STAT1
CANCERSEA.Yuan18.Proliferation	Proliferation	ID2
CANCERSEA.Yuan18.Proliferation	Proliferation	DOCK7
CANCERSEA.Yuan18.Proliferation	Proliferation	SLAMF1
CANCERSEA.Yuan18.Proliferation	Proliferation	TNFSF4
CANCERSEA.Yuan18.Proliferation	Proliferation	WNT1
CANCERSEA.Yuan18.Proliferation	Proliferation	TNFSF9
CANCERSEA.Yuan18.Proliferation	Proliferation	MED1
CANCERSEA.Yuan18.Proliferation	Proliferation	SMO
CANCERSEA.Yuan18.Proliferation	Proliferation	TLR4
CANCERSEA.Yuan18.Proliferation	Proliferation	MYC
CANCERSEA.Yuan18.Proliferation	Proliferation	LEF1
CANCERSEA.Yuan18.Proliferation	Proliferation	ASCL1
CANCERSEA.Yuan18.Proliferation	Proliferation	FGF7
CANCERSEA.Yuan18.Proliferation	Proliferation	OSR1
CANCERSEA.Yuan18.Proliferation	Proliferation	IL18
CANCERSEA.Yuan18.Proliferation	Proliferation	WNT3A
CANCERSEA.Yuan18.Proliferation	Proliferation	WNT7A
CANCERSEA.Yuan18.Proliferation	Proliferation	DISC1
CANCERSEA.Yuan18.Proliferation	Proliferation	BMP10
CANCERSEA.Yuan18.Proliferation	Proliferation	SYK
CANCERSEA.Yuan18.Proliferation	Proliferation	IL13
CANCERSEA.Yuan18.Proliferation	Proliferation	BCL2
CANCERSEA.Yuan18.Proliferation	Proliferation	ID4
CANCERSEA.Yuan18.Proliferation	Proliferation	STAT5B
CANCERSEA.Yuan18.Proliferation	Proliferation	CD34
CANCERSEA.Yuan18.Proliferation	Proliferation	CTC1
CANCERSEA.Yuan18.Proliferation	Proliferation	TBX1
CANCERSEA.Yuan18.Proliferation	Proliferation	IRS2
CANCERSEA.Yuan18.Proliferation	Proliferation	TNFRSF4
CANCERSEA.Yuan18.Proliferation	Proliferation	HMGB1
CANCERSEA.Yuan18.Proliferation	Proliferation	ZNF335
CANCERSEA.Yuan18.Proliferation	Proliferation	NRARP
CANCERSEA.Yuan18.Proliferation	Proliferation	BMPR2
CANCERSEA.Yuan18.Proliferation	Proliferation	AGER
CANCERSEA.Yuan18.Proliferation	Proliferation	MIF
CANCERSEA.Yuan18.Proliferation	Proliferation	CCL5
CANCERSEA.Yuan18.Quiescence	Quiescence	ALOX5
CANCERSEA.Yuan18.Quiescence	Quiescence	ANXA5
CANCERSEA.Yuan18.Quiescence	Quiescence	AREG
CANCERSEA.Yuan18.Quiescence	Quiescence	CREM
CANCERSEA.Yuan18.Quiescence	Quiescence	CRHBP
CANCERSEA.Yuan18.Quiescence	Quiescence	EMP1
CANCERSEA.Yuan18.Quiescence	Quiescence	EVI2A
CANCERSEA.Yuan18.Quiescence	Quiescence	GBP2
CANCERSEA.Yuan18.Quiescence	Quiescence	CXCL1
CANCERSEA.Yuan18.Quiescence	Quiescence	CXCL2
CANCERSEA.Yuan18.Quiescence	Quiescence	CXCL3
CANCERSEA.Yuan18.Quiescence	Quiescence	GUCY1A1
CANCERSEA.Yuan18.Quiescence	Quiescence	H1F0
CANCERSEA.Yuan18.Quiescence	Quiescence	HBB
CANCERSEA.Yuan18.Quiescence	Quiescence	HLX
CANCERSEA.Yuan18.Quiescence	Quiescence	IL1B
CANCERSEA.Yuan18.Quiescence	Quiescence	CXCL8
CANCERSEA.Yuan18.Quiescence	Quiescence	INHBA
CANCERSEA.Yuan18.Quiescence	Quiescence	CXCL10
CANCERSEA.Yuan18.Quiescence	Quiescence	JUN
CANCERSEA.Yuan18.Quiescence	Quiescence	TM4SF1
CANCERSEA.Yuan18.Quiescence	Quiescence	MLLT3
CANCERSEA.Yuan18.Quiescence	Quiescence	NR4A2
CANCERSEA.Yuan18.Quiescence	Quiescence	SERPINB2
CANCERSEA.Yuan18.Quiescence	Quiescence	PCDH9
CANCERSEA.Yuan18.Quiescence	Quiescence	PMCH
CANCERSEA.Yuan18.Quiescence	Quiescence	PTGS2
CANCERSEA.Yuan18.Quiescence	Quiescence	PTPRC
CANCERSEA.Yuan18.Quiescence	Quiescence	RGS1
CANCERSEA.Yuan18.Quiescence	Quiescence	RHAG
CANCERSEA.Yuan18.Quiescence	Quiescence	TSPAN31
CANCERSEA.Yuan18.Quiescence	Quiescence	CCL8
CANCERSEA.Yuan18.Quiescence	Quiescence	CCL19
CANCERSEA.Yuan18.Quiescence	Quiescence	CCL20
CANCERSEA.Yuan18.Quiescence	Quiescence	CXCL6
CANCERSEA.Yuan18.Quiescence	Quiescence	CXCL11
CANCERSEA.Yuan18.Quiescence	Quiescence	CXCL5
CANCERSEA.Yuan18.Quiescence	Quiescence	TRA2B
CANCERSEA.Yuan18.Quiescence	Quiescence	SPTBN1
CANCERSEA.Yuan18.Quiescence	Quiescence	SVIL
CANCERSEA.Yuan18.Quiescence	Quiescence	TCF7L2
CANCERSEA.Yuan18.Quiescence	Quiescence	TFPI
CANCERSEA.Yuan18.Quiescence	Quiescence	TGFB1I1
CANCERSEA.Yuan18.Quiescence	Quiescence	TPBG
CANCERSEA.Yuan18.Quiescence	Quiescence	TNFSF4
CANCERSEA.Yuan18.Quiescence	Quiescence	FXR1
CANCERSEA.Yuan18.Quiescence	Quiescence	NRIP1
CANCERSEA.Yuan18.Quiescence	Quiescence	HIST1H2AC
CANCERSEA.Yuan18.Quiescence	Quiescence	HIST2H2BE
CANCERSEA.Yuan18.Quiescence	Quiescence	PPFIBP1
CANCERSEA.Yuan18.Quiescence	Quiescence	TNFSF10
CANCERSEA.Yuan18.Quiescence	Quiescence	IL18R1
CANCERSEA.Yuan18.Quiescence	Quiescence	VNN1
CANCERSEA.Yuan18.Quiescence	Quiescence	CYTIP
CANCERSEA.Yuan18.Quiescence	Quiescence	OPTN
CANCERSEA.Yuan18.Quiescence	Quiescence	MPZL2
CANCERSEA.Yuan18.Quiescence	Quiescence	CXCL13
CANCERSEA.Yuan18.Quiescence	Quiescence	NFAT5
CANCERSEA.Yuan18.Quiescence	Quiescence	GLIPR1
CANCERSEA.Yuan18.Quiescence	Quiescence	RBPMS
CANCERSEA.Yuan18.Quiescence	Quiescence	FNBP1
CANCERSEA.Yuan18.Quiescence	Quiescence	MAFF
CANCERSEA.Yuan18.Quiescence	Quiescence	TRA2A
CANCERSEA.Yuan18.Quiescence	Quiescence	TPSB2
CANCERSEA.Yuan18.Quiescence	Quiescence	ZBTB10
CANCERSEA.Yuan18.Quiescence	Quiescence	HIST1H2BK
CANCERSEA.Yuan18.Stemness	Stemness	AFMID
CANCERSEA.Yuan18.Stemness	Stemness	AFP
CANCERSEA.Yuan18.Stemness	Stemness	ANPEP
CANCERSEA.Yuan18.Stemness	Stemness	APC
CANCERSEA.Yuan18.Stemness	Stemness	AQP1
CANCERSEA.Yuan18.Stemness	Stemness	ASCL1
CANCERSEA.Yuan18.Stemness	Stemness	ASCL2
CANCERSEA.Yuan18.Stemness	Stemness	AXIN2
CANCERSEA.Yuan18.Stemness	Stemness	AZGP1
CANCERSEA.Yuan18.Stemness	Stemness	BAZ2B
CANCERSEA.Yuan18.Stemness	Stemness	BMI1
CANCERSEA.Yuan18.Stemness	Stemness	BOC
CANCERSEA.Yuan18.Stemness	Stemness	C6orf62
CANCERSEA.Yuan18.Stemness	Stemness	CA2
CANCERSEA.Yuan18.Stemness	Stemness	CAMK2N1
CANCERSEA.Yuan18.Stemness	Stemness	CCL5
CANCERSEA.Yuan18.Stemness	Stemness	CCND2
CANCERSEA.Yuan18.Stemness	Stemness	CD200
CANCERSEA.Yuan18.Stemness	Stemness	CD24
CANCERSEA.Yuan18.Stemness	Stemness	CD33
CANCERSEA.Yuan18.Stemness	Stemness	CD38
CANCERSEA.Yuan18.Stemness	Stemness	CD44
CANCERSEA.Yuan18.Stemness	Stemness	CDCA7
CANCERSEA.Yuan18.Stemness	Stemness	CDK6
CANCERSEA.Yuan18.Stemness	Stemness	CEBPA
CANCERSEA.Yuan18.Stemness	Stemness	CFTR
CANCERSEA.Yuan18.Stemness	Stemness	CHD7
CANCERSEA.Yuan18.Stemness	Stemness	CORO1C
CANCERSEA.Yuan18.Stemness	Stemness	CXCL2
CANCERSEA.Yuan18.Stemness	Stemness	DBX1
CANCERSEA.Yuan18.Stemness	Stemness	DBX2
CANCERSEA.Yuan18.Stemness	Stemness	DNMT3A
CANCERSEA.Yuan18.Stemness	Stemness	DPP4
CANCERSEA.Yuan18.Stemness	Stemness	EBF1
CANCERSEA.Yuan18.Stemness	Stemness	EEF1A1
CANCERSEA.Yuan18.Stemness	Stemness	EGFR
CANCERSEA.Yuan18.Stemness	Stemness	EIF4B
CANCERSEA.Yuan18.Stemness	Stemness	EMX1
CANCERSEA.Yuan18.Stemness	Stemness	EMX2
CANCERSEA.Yuan18.Stemness	Stemness	ENG
CANCERSEA.Yuan18.Stemness	Stemness	EPHB2
CANCERSEA.Yuan18.Stemness	Stemness	ETS2
CANCERSEA.Yuan18.Stemness	Stemness	ETV1
CANCERSEA.Yuan18.Stemness	Stemness	EVI2A
CANCERSEA.Yuan18.Stemness	Stemness	EZH2
CANCERSEA.Yuan18.Stemness	Stemness	FABP7
CANCERSEA.Yuan18.Stemness	Stemness	FAM84A
CANCERSEA.Yuan18.Stemness	Stemness	FBLIM1
CANCERSEA.Yuan18.Stemness	Stemness	FBXO27
CANCERSEA.Yuan18.Stemness	Stemness	FERMT1
CANCERSEA.Yuan18.Stemness	Stemness	FOXA2
CANCERSEA.Yuan18.Stemness	Stemness	FOXA3
CANCERSEA.Yuan18.Stemness	Stemness	FOXG1
CANCERSEA.Yuan18.Stemness	Stemness	GATA1
CANCERSEA.Yuan18.Stemness	Stemness	GATA2
CANCERSEA.Yuan18.Stemness	Stemness	GATA3
CANCERSEA.Yuan18.Stemness	Stemness	GATA4
CANCERSEA.Yuan18.Stemness	Stemness	GFAP
CANCERSEA.Yuan18.Stemness	Stemness	GFI1
CANCERSEA.Yuan18.Stemness	Stemness	GLI1
CANCERSEA.Yuan18.Stemness	Stemness	GPC3
CANCERSEA.Yuan18.Stemness	Stemness	GPM6A
CANCERSEA.Yuan18.Stemness	Stemness	GPSM2
CANCERSEA.Yuan18.Stemness	Stemness	GPX2
CANCERSEA.Yuan18.Stemness	Stemness	H19
CANCERSEA.Yuan18.Stemness	Stemness	H3F3B
CANCERSEA.Yuan18.Stemness	Stemness	HACD3
CANCERSEA.Yuan18.Stemness	Stemness	HAPLN1
CANCERSEA.Yuan18.Stemness	Stemness	HEPN1
CANCERSEA.Yuan18.Stemness	Stemness	HES1
CANCERSEA.Yuan18.Stemness	Stemness	HNRNPH1
CANCERSEA.Yuan18.Stemness	Stemness	HNRNPL
CANCERSEA.Yuan18.Stemness	Stemness	HOPX
CANCERSEA.Yuan18.Stemness	Stemness	ICAM1
CANCERSEA.Yuan18.Stemness	Stemness	IDH1
CANCERSEA.Yuan18.Stemness	Stemness	IKZF1
CANCERSEA.Yuan18.Stemness	Stemness	IRX3
CANCERSEA.Yuan18.Stemness	Stemness	ITGAM
CANCERSEA.Yuan18.Stemness	Stemness	KDR
CANCERSEA.Yuan18.Stemness	Stemness	KIT
CANCERSEA.Yuan18.Stemness	Stemness	KLK10
CANCERSEA.Yuan18.Stemness	Stemness	KRT14
CANCERSEA.Yuan18.Stemness	Stemness	LATS2
CANCERSEA.Yuan18.Stemness	Stemness	LGR5
CANCERSEA.Yuan18.Stemness	Stemness	LOH12CR2
CANCERSEA.Yuan18.Stemness	Stemness	LRIG1
CANCERSEA.Yuan18.Stemness	Stemness	LY6D
CANCERSEA.Yuan18.Stemness	Stemness	LYZ
CANCERSEA.Yuan18.Stemness	Stemness	MALAT1
CANCERSEA.Yuan18.Stemness	Stemness	MBOAT1
CANCERSEA.Yuan18.Stemness	Stemness	MESP1
CANCERSEA.Yuan18.Stemness	Stemness	MESP2
CANCERSEA.Yuan18.Stemness	Stemness	METTL3
CANCERSEA.Yuan18.Stemness	Stemness	MLLT10
CANCERSEA.Yuan18.Stemness	Stemness	MME
CANCERSEA.Yuan18.Stemness	Stemness	MYB
CANCERSEA.Yuan18.Stemness	Stemness	MYC
CANCERSEA.Yuan18.Stemness	Stemness	NANOG
CANCERSEA.Yuan18.Stemness	Stemness	NCAM1
CANCERSEA.Yuan18.Stemness	Stemness	NEK5
CANCERSEA.Yuan18.Stemness	Stemness	NELL2
CANCERSEA.Yuan18.Stemness	Stemness	NFE2
CANCERSEA.Yuan18.Stemness	Stemness	NFIA
CANCERSEA.Yuan18.Stemness	Stemness	NFIB
CANCERSEA.Yuan18.Stemness	Stemness	NKX2-5
CANCERSEA.Yuan18.Stemness	Stemness	NODAL
CANCERSEA.Yuan18.Stemness	Stemness	NT5E
CANCERSEA.Yuan18.Stemness	Stemness	OLFM4
CANCERSEA.Yuan18.Stemness	Stemness	OPHN1
CANCERSEA.Yuan18.Stemness	Stemness	ORC6
CANCERSEA.Yuan18.Stemness	Stemness	PABPC1
CANCERSEA.Yuan18.Stemness	Stemness	PAX6
CANCERSEA.Yuan18.Stemness	Stemness	POU5F1
CANCERSEA.Yuan18.Stemness	Stemness	PROM1
CANCERSEA.Yuan18.Stemness	Stemness	PTK7
CANCERSEA.Yuan18.Stemness	Stemness	PTMA
CANCERSEA.Yuan18.Stemness	Stemness	PTPRC
CANCERSEA.Yuan18.Stemness	Stemness	PTPRG
CANCERSEA.Yuan18.Stemness	Stemness	PTPRO
CANCERSEA.Yuan18.Stemness	Stemness	PTPRS
CANCERSEA.Yuan18.Stemness	Stemness	PTPRZ1
CANCERSEA.Yuan18.Stemness	Stemness	QPCTL
CANCERSEA.Yuan18.Stemness	Stemness	RAB42
CANCERSEA.Yuan18.Stemness	Stemness	RAMP2-AS1
CANCERSEA.Yuan18.Stemness	Stemness	RBM6
CANCERSEA.Yuan18.Stemness	Stemness	RGMB
CANCERSEA.Yuan18.Stemness	Stemness	RNF43
CANCERSEA.Yuan18.Stemness	Stemness	RUNX1
CANCERSEA.Yuan18.Stemness	Stemness	SET
CANCERSEA.Yuan18.Stemness	Stemness	SLC12A2
CANCERSEA.Yuan18.Stemness	Stemness	SMAD2
CANCERSEA.Yuan18.Stemness	Stemness	SMOC2
CANCERSEA.Yuan18.Stemness	Stemness	SOX1
CANCERSEA.Yuan18.Stemness	Stemness	SOX11
CANCERSEA.Yuan18.Stemness	Stemness	SOX17
CANCERSEA.Yuan18.Stemness	Stemness	SOX2
CANCERSEA.Yuan18.Stemness	Stemness	SOX3
CANCERSEA.Yuan18.Stemness	Stemness	SOX4
CANCERSEA.Yuan18.Stemness	Stemness	SOX9
CANCERSEA.Yuan18.Stemness	Stemness	SPDYE1
CANCERSEA.Yuan18.Stemness	Stemness	SPDYE5
CANCERSEA.Yuan18.Stemness	Stemness	SPHKAP
CANCERSEA.Yuan18.Stemness	Stemness	SRGAP2C
CANCERSEA.Yuan18.Stemness	Stemness	STMN1
CANCERSEA.Yuan18.Stemness	Stemness	STMN2
CANCERSEA.Yuan18.Stemness	Stemness	TAL1
CANCERSEA.Yuan18.Stemness	Stemness	TATDN3
CANCERSEA.Yuan18.Stemness	Stemness	TCF12
CANCERSEA.Yuan18.Stemness	Stemness	TCF4
CANCERSEA.Yuan18.Stemness	Stemness	TDGF1
CANCERSEA.Yuan18.Stemness	Stemness	TFDP2
CANCERSEA.Yuan18.Stemness	Stemness	TFRC
CANCERSEA.Yuan18.Stemness	Stemness	THY1
CANCERSEA.Yuan18.Stemness	Stemness	TNFAIP8L1
CANCERSEA.Yuan18.Stemness	Stemness	TOX3
CANCERSEA.Yuan18.Stemness	Stemness	TRA2A
CANCERSEA.Yuan18.Stemness	Stemness	TSPAN6
CANCERSEA.Yuan18.Stemness	Stemness	UGT8
CANCERSEA.Yuan18.Stemness	Stemness	VEGFA
CANCERSEA.Yuan18.Stemness	Stemness	ZBTB8A
CANCERSEA.Yuan18.Stemness	Stemness	ZNF793
CANCERSEA.Yuan18.Stemness	Stemness	ABCG2
CANCERSEA.Yuan18.Stemness	Stemness	ALDH1A1
CANCERSEA.Yuan18.Stemness	Stemness	ALDH1A3
CANCERSEA.Yuan18.Stemness	Stemness	DNER
CANCERSEA.Yuan18.Stemness	Stemness	MET
