signature_id	same_species_rows	needs_translation_rows	unmapped_rows	translated_rows_pre_collapse	output_gene_rows	split_source_rows	split_added_rows	max_split_size	collapse_output_rows	collapse_removed_rows	max_collapse_size	source_gene_rows_in
CAF.Cords23.apCAF	63	0	0	0	63	0	0	1	0	0	1	63
CAF.Cords23.dCAF	1185	0	0	0	1185	0	0	1	0	0	1	1185
CAF.Cords23.hsp.tCAF	215	0	0	0	215	0	0	1	0	0	1	215
CAF.Cords23.iCAF	471	0	0	0	471	0	0	1	0	0	1	471
CAF.Cords23.ifnCAF	574	0	0	0	574	0	0	1	0	0	1	574
CAF.Cords23.mCAF	494	0	0	0	494	0	0	1	0	0	1	494
CAF.Cords23.rCAF	305	0	0	0	305	0	0	1	0	0	1	305
CAF.Cords23.tCAF	333	0	0	0	333	0	0	1	0	0	1	333
CAF.Cords23.vCAF	533	0	0	0	533	0	0	1	0	0	1	533
CAF.Dominguez20.hCAF0TGFB	144	0	0	0	144	0	0	1	0	0	1	144
CAF.Dominguez20.hCAF1early	165	0	0	0	165	0	0	1	0	0	1	165
CAF.Dominguez20.hCAF2il6lif	282	0	0	0	282	0	0	1	0	0	1	282
CAF.Elyada19.iCAF	84	0	0	0	84	0	0	1	0	0	1	84
CAF.Elyada19.myo	16	0	0	0	16	0	0	1	0	0	1	16
CAF.Kieffer20.CAF.S1	100	0	0	0	100	0	0	1	0	0	1	100
CAF.Kieffer20.IFNgamma.iCAF	22	0	0	0	22	0	0	1	0	0	1	22
CAF.Kieffer20.IL.iCAF	35	0	0	0	35	0	0	1	0	0	1	35
CAF.Kieffer20.Normal.Fibroblast	131	0	0	0	131	0	0	1	0	0	1	131
CAF.Kieffer20.TGFbeta.myCAF	28	0	0	0	28	0	0	1	0	0	1	28
CAF.Kieffer20.detox.iCAF	26	0	0	0	26	0	0	1	0	0	1	26
CAF.Kieffer20.ecm.myCAF	40	0	0	0	40	0	0	1	0	0	1	40
CAF.Kieffer20.wound.myCAF	34	0	0	0	34	0	0	1	0	0	1	34
CAF.Neuzillet22.MYH11	45	0	0	0	45	0	0	1	0	0	1	45
CAF.Neuzillet22.PDPN	28	0	0	0	28	0	0	1	0	0	1	28
CAF.Neuzillet22.POSTN	45	0	0	0	45	0	0	1	0	0	1	45
CAF.Neuzillet22.subPOSTN	31	0	0	0	31	0	0	1	0	0	1	31
CAF.Qin23.ECM.CAF	169	0	0	0	169	0	0	1	0	0	1	169
CAF.Qin23.Myofibroblast	185	0	0	0	185	0	0	1	0	0	1	185
CAF.Qin23.epiEMT	150	0	0	0	150	0	0	1	0	0	1	150
CAF.Qin23.fibroEMT	103	0	0	0	103	0	0	1	0	0	1	103
CAF.Zhang23.apCAF.CLU	259	0	0	0	259	0	0	1	0	0	1	259
CAF.Zhang23.iCAF.CFD	281	0	0	0	281	0	0	1	0	0	1	281
CAF.Zhang23.myCAF.COMP	243	0	0	0	243	0	0	1	0	0	1	243
CAF.Zhang23.myCAF.CXCL14	619	0	0	0	619	0	0	1	0	0	1	619
CAF.Zhang23.myCAF.MMP11	366	0	0	0	366	0	0	1	0	0	1	366
CAF.Zhang23.myCAF.POSTN	177	0	0	0	177	0	0	1	0	0	1	177
CAF.Zhang23.myCAF.RGS5	580	0	0	0	580	0	0	1	0	0	1	580
CAF.Zhang23.myCAF.TPM1	702	0	0	0	702	0	0	1	0	0	1	702
CCA.Serrano23.Desert-like	100	0	0	0	100	0	0	1	0	0	1	100
CCA.Serrano23.Hepati.Stem-like	100	0	0	0	100	0	0	1	0	0	1	100
CCA.Serrano23.Immune.Classical	100	0	0	0	100	0	0	1	0	0	1	100
CCA.Serrano23.Inflammatory.Stroma	100	0	0	0	100	0	0	1	0	0	1	100
CCA.Serrano23.Tumor.Classical	100	0	0	0	100	0	0	1	0	0	1	100
CCA.Sia13.INFLAMGenes	163	0	0	0	163	0	0	1	0	0	1	163
CCA.Sia13.PROLIFGenes	1405	0	0	0	1405	0	0	1	0	0	1	1405
ECM.Helms22.PSCcaf	99	0	0	0	99	0	0	1	0	0	1	99
FIBROBLAST.Gao24.AlveolarFibro.ADH1B+	203	0	0	0	203	0	0	1	0	0	1	203
FIBROBLAST.Gao24.ApFibro.CD74	171	0	0	0	171	0	0	1	0	0	1	171
FIBROBLAST.Gao24.EpithelialCryptFibro.SOX6	337	0	0	0	337	0	0	1	0	0	1	337
FIBROBLAST.Gao24.Fibro.CTNNB1	116	0	0	0	116	0	0	1	0	0	1	116
FIBROBLAST.Gao24.InflaFibro.HGF	761	0	0	0	761	0	0	1	0	0	1	761
FIBROBLAST.Gao24.InflaFibro.HSPA6	314	0	0	0	314	0	0	1	0	0	1	314
FIBROBLAST.Gao24.InflaFibro.IL6	834	0	0	0	834	0	0	1	0	0	1	834
FIBROBLAST.Gao24.LaminaPropriaFibro.ADAMDEC	264	0	0	0	264	0	0	1	0	0	1	264
FIBROBLAST.Gao24.Mesothelial	245	0	0	0	245	0	0	1	0	0	1	245
FIBROBLAST.Gao24.MyoFibro.HOPX	384	0	0	0	384	0	0	1	0	0	1	384
FIBROBLAST.Gao24.MyoFibro.LRRC15	369	0	0	0	369	0	0	1	0	0	1	369
FIBROBLAST.Gao24.MyoFibro.SFRP2	185	0	0	0	185	0	0	1	0	0	1	185
FIBROBLAST.Gao24.Myofibro.MMP1	215	0	0	0	215	0	0	1	0	0	1	215
FIBROBLAST.Gao24.Pericyte	375	0	0	0	375	0	0	1	0	0	1	375
FIBROBLAST.Gao24.Progenitor.like.fibro.COL15A1	229	0	0	0	229	0	0	1	0	0	1	229
FIBROBLAST.Gao24.Progenitor.like.fibroblast.PI16	346	0	0	0	346	0	0	1	0	0	1	346
FIBROBLAST.Gao24.ProlifevrativeFibro.STMN1	187	0	0	0	187	0	0	1	0	0	1	187
FIBROBLAST.Gao24.SMC.HHIP	280	0	0	0	280	0	0	1	0	0	1	280
FIBROBLAST.Gao24.SMC.MYH11	388	0	0	0	388	0	0	1	0	0	1	388
FIBROBLAST.Gao24.SynovialLiningFibro.PRG4	365	0	0	0	365	0	0	1	0	0	1	365
FIBROBLAST.Patrick24.F.Act	0	24	0	25	25	1	1	2	0	0	1	24
FIBROBLAST.Patrick24.F.CI	0	345	14	359	358	24	28	4	1	1	2	345
FIBROBLAST.Patrick24.F.Cyc	0	411	13	422	422	20	24	4	0	0	1	411
FIBROBLAST.Patrick24.F.IFNS	0	149	49	128	107	16	28	7	19	21	3	149
FIBROBLAST.Patrick24.F.SH	0	94	4	96	96	5	6	3	0	0	1	94
FIBROBLAST.Patrick24.F.SL	0	88	3	94	94	6	9	4	0	0	1	88
FIBROBLAST.Patrick24.F.Trans	0	61	1	71	70	3	11	9	1	1	2	61
FIBROBLAST.Patrick24.F.WntX	0	128	6	125	125	2	3	3	0	0	1	128
FIBROBLAST.Patrick24.IR	0	324	15	341	336	21	32	9	5	5	2	324
FIBROBLAST.Patrick24.MFC	0	122	1	123	122	2	2	2	1	1	2	122
FIBROBLAST.Patrick24.MYO	0	176	4	179	179	5	7	3	0	0	1	176
GASTRIC.Bockerstett20.Chief1	2	0	0	0	2	0	0	1	0	0	1	2
GASTRIC.Bockerstett20.Chief2	2	0	0	0	2	0	0	1	0	0	1	2
GASTRIC.Bockerstett20.Endothelial	1	0	0	0	1	0	0	1	0	0	1	1
GASTRIC.Bockerstett20.Foveolar1	3	0	0	0	3	0	0	1	0	0	1	3
GASTRIC.Bockerstett20.Foveolar2	2	0	0	0	2	0	0	1	0	0	1	2
GASTRIC.Bockerstett20.Macrophage	3	0	0	0	3	0	0	1	0	0	1	3
GASTRIC.Bockerstett20.Metaplasic	5	0	0	0	5	0	0	1	0	0	1	5
GASTRIC.Bockerstett20.Mucous.Neck1	1	0	0	0	1	0	0	1	0	0	1	1
GASTRIC.Bockerstett20.Mucous.Neck2	1	0	0	0	1	0	0	1	0	0	1	1
GASTRIC.Bockerstett20.Neuroendocrine	4	0	0	0	4	0	0	1	0	0	1	4
GASTRIC.Bockerstett20.Parietal	2	0	0	0	2	0	0	1	0	0	1	2
GASTRIC.Bockerstett20.Proliftff2	4	0	0	0	4	0	0	1	0	0	1	4
GASTRIC.Bockerstett20.Smooth.muscle	2	0	0	0	2	0	0	1	0	0	1	2
GASTRIC.Bockerstett20.Tcells-Bcells1	3	0	0	0	3	0	0	1	0	0	1	3
GASTRIC.Bockerstett20.Tcells-Bcells2	4	0	0	0	4	0	0	1	0	0	1	4
GASTRIC.Ma21.Acute.SPEM.sig	0	73	6	74	74	6	7	3	0	0	1	73
GASTRIC.Ma21.Chief	0	8	2	12	8	2	6	4	4	4	2	8
GASTRIC.Ma21.Chronic.SPEM.sig	0	54	8	81	51	8	35	7	9	30	5	54
GASTRIC.Ma21.Delta	0	107	9	101	99	3	3	2	2	2	2	107
GASTRIC.Ma21.EC	0	172	13	165	163	6	6	2	2	2	2	172
GASTRIC.Ma21.FoveolarPit	0	69	6	70	66	3	7	4	4	4	2	69
GASTRIC.Ma21.ImmatureFoveolarPit	0	49	8	41	41	0	0	1	0	0	1	49
GASTRIC.Ma21.NeckChief.int	0	17	3	14	14	0	0	1	0	0	1	17
GASTRIC.Ma21.NeckIsthmus	0	40	3	39	39	2	2	2	0	0	1	40
GASTRIC.Ma21.Parietal	0	86	3	89	86	4	6	3	3	3	2	86
GASTRIC.Ma21.Prolif.Isthmus	0	88	4	92	92	5	8	4	0	0	1	88
GASTRIC_CANCER.Kim22.Diffuse.Gastric.Cancer.Diffuse.like.D4	67	0	0	0	67	0	0	1	0	0	1	67
GASTRIC_CANCER.Kim22.Diffuse.Gastric.Cancer.Intestinal.like.D3	26	0	0	0	26	0	0	1	0	0	1	26
GASTRIC_CANCER.Kim22.Diffuse.Gastric.Cancer.non.malignant.D1	6	0	0	0	6	0	0	1	0	0	1	6
GASTRIC_CANCER.Kim22.Diffuse.Gastric.Cancer.premalignant.D2	52	0	0	0	52	0	0	1	0	0	1	52
GASTRIC_CANCER.Kim22.Intestinal.Gastric.Cancer.Intestinal.like.I3	65	0	0	0	65	0	0	1	0	0	1	65
GASTRIC_CANCER.Kim22.Intestinal.Gastric.Cancer.non.malignant.I1	16	0	0	0	16	0	0	1	0	0	1	16
GASTRIC_CANCER.Kim22.Intestinal.Gastric.Cancer.premalignant.I2	103	0	0	0	103	0	0	1	0	0	1	103
GASTRIC_CANCER.Sathe20.gastricTumorCell.1	244	0	0	0	244	0	0	1	0	0	1	244
GASTRIC_CANCER.Sathe20.gastricTumorCell.2	297	0	0	0	297	0	0	1	0	0	1	297
GASTRIC_CANCER.Sathe20.normal	591	0	0	0	591	0	0	1	0	0	1	591
GI.Busslinger21.duodenum.normal.cells.single.cell.BCHE.cells	57	0	0	0	57	0	0	1	0	0	1	57
GI.Busslinger21.duodenum.normal.cells.single.cell.D.cells	27	0	0	0	27	0	0	1	0	0	1	27
GI.Busslinger21.duodenum.normal.cells.single.cell.Differentiating.stem.cells	417	0	0	0	417	0	0	1	0	0	1	417
GI.Busslinger21.duodenum.normal.cells.single.cell.EC.cells	31	0	0	0	31	0	0	1	0	0	1	31
GI.Busslinger21.duodenum.normal.cells.single.cell.Early.immature.enterocytes	138	0	0	0	138	0	0	1	0	0	1	138
GI.Busslinger21.duodenum.normal.cells.single.cell.Goblet.cells	24	0	0	0	24	0	0	1	0	0	1	24
GI.Busslinger21.duodenum.normal.cells.single.cell.I.cells	16	0	0	0	16	0	0	1	0	0	1	16
GI.Busslinger21.duodenum.normal.cells.single.cell.Immune.cells	1184	0	0	0	1184	0	0	1	0	0	1	1184
GI.Busslinger21.duodenum.normal.cells.single.cell.K.cells	20	0	0	0	20	0	0	1	0	0	1	20
GI.Busslinger21.duodenum.normal.cells.single.cell.Late.immature.enterocytes	323	0	0	0	323	0	0	1	0	0	1	323
GI.Busslinger21.duodenum.normal.cells.single.cell.MX.cells	13	0	0	0	13	0	0	1	0	0	1	13
GI.Busslinger21.duodenum.normal.cells.single.cell.Mature.enterocytes	1470	0	0	0	1470	0	0	1	0	0	1	1470
GI.Busslinger21.duodenum.normal.cells.single.cell.Paneth.cells	15	0	0	0	15	0	0	1	0	0	1	15
GI.Busslinger21.duodenum.normal.cells.single.cell.Stem.cells	517	0	0	0	517	0	0	1	0	0	1	517
GI.Busslinger21.duodenum.normal.cells.single.cell.Transit.amplifying.cells	254	0	0	0	254	0	0	1	0	0	1	254
GI.Busslinger21.duodenum.normal.cells.single.cell.Tuft.cells	136	0	0	0	136	0	0	1	0	0	1	136
GI.Busslinger21.stomach.normal.cells.single.cell.Antral.ECs	12	0	0	0	12	0	0	1	0	0	1	12
GI.Busslinger21.stomach.normal.cells.single.cell.Chief.cells	189	0	0	0	189	0	0	1	0	0	1	189
GI.Busslinger21.stomach.normal.cells.single.cell.D.cells	39	0	0	0	39	0	0	1	0	0	1	39
GI.Busslinger21.stomach.normal.cells.single.cell.Differentiating.cells	218	0	0	0	218	0	0	1	0	0	1	218
GI.Busslinger21.stomach.normal.cells.single.cell.G.cells	129	0	0	0	129	0	0	1	0	0	1	129
GI.Busslinger21.stomach.normal.cells.single.cell.Immature.pit.cells	316	0	0	0	316	0	0	1	0	0	1	316
GI.Busslinger21.stomach.normal.cells.single.cell.Immune.cells	2114	0	0	0	2114	0	0	1	0	0	1	2114
GI.Busslinger21.stomach.normal.cells.single.cell.Isthmus	633	0	0	0	633	0	0	1	0	0	1	633
GI.Busslinger21.stomach.normal.cells.single.cell.LYZ.positive.cells	192	0	0	0	192	0	0	1	0	0	1	192
GI.Busslinger21.stomach.normal.cells.single.cell.Mature.pit.cells	379	0	0	0	379	0	0	1	0	0	1	379
GI.Busslinger21.stomach.normal.cells.single.cell.Metallothionein.cells	137	0	0	0	137	0	0	1	0	0	1	137
GI.Busslinger21.stomach.normal.cells.single.cell.Neck.cells	102	0	0	0	102	0	0	1	0	0	1	102
GI.Busslinger21.stomach.normal.cells.single.cell.Oxyntic.ECLs	125	0	0	0	125	0	0	1	0	0	1	125
GI.Busslinger21.stomach.normal.cells.single.cell.PPP1R1B.positive.cells	196	0	0	0	196	0	0	1	0	0	1	196
GI.Busslinger21.stomach.normal.cells.single.cell.Parietal.cells	764	0	0	0	764	0	0	1	0	0	1	764
GI.Busslinger21.stomach.normal.cells.single.cell.Prezymogenic.cells	212	0	0	0	212	0	0	1	0	0	1	212
GI.Busslinger21.stomach.normal.cells.single.cell.REG3A.positive.cells	68	0	0	0	68	0	0	1	0	0	1	68
GI.Busslinger21.stomach.normal.cells.single.cell.Tuft.cells	12	0	0	0	12	0	0	1	0	0	1	12
GI.Busslinger21.stomach.normal.cells.single.cell.X.cells	272	0	0	0	272	0	0	1	0	0	1	272
HCC.Petitprez19.andersen.cholangio.subtype1.dn	175	0	0	0	175	0	0	1	0	0	1	175
HCC.Petitprez19.andersen.cholangio.subtype1.up	63	0	0	0	63	0	0	1	0	0	1	63
HCC.Petitprez19.andersen.krt19.avb.dn	75	0	0	0	75	0	0	1	0	0	1	75
HCC.Petitprez19.andersen.krt19.avb.up	35	0	0	0	35	0	0	1	0	0	1	35
HCC.Petitprez19.boyault.liver.cancer.subclass.g3.dn	51	0	0	0	51	0	0	1	0	0	1	51
HCC.Petitprez19.boyault.liver.cancer.subclass.g3.up	188	0	0	0	188	0	0	1	0	0	1	188
HCC.Petitprez19.boyault.up.in.g1	10	0	0	0	10	0	0	1	0	0	1	10
HCC.Petitprez19.boyault.up.in.g12	110	0	0	0	110	0	0	1	0	0	1	110
HCC.Petitprez19.boyault.up.in.g123	105	0	0	0	105	0	0	1	0	0	1	105
HCC.Petitprez19.boyault.up.in.g13	116	0	0	0	116	0	0	1	0	0	1	116
HCC.Petitprez19.boyault.up.in.g2	10	0	0	0	10	0	0	1	0	0	1	10
HCC.Petitprez19.boyault.up.in.g23	107	0	0	0	107	0	0	1	0	0	1	107
HCC.Petitprez19.boyault.up.in.g3	10	0	0	0	10	0	0	1	0	0	1	10
HCC.Petitprez19.boyault.up.in.g4	6	0	0	0	6	0	0	1	0	0	1	6
HCC.Petitprez19.boyault.up.in.g456	111	0	0	0	111	0	0	1	0	0	1	111
HCC.Petitprez19.boyault.up.in.g5	8	0	0	0	8	0	0	1	0	0	1	8
HCC.Petitprez19.boyault.up.in.g56	115	0	0	0	115	0	0	1	0	0	1	115
HCC.Petitprez19.boyault.up.in.g6	10	0	0	0	10	0	0	1	0	0	1	10
HCC.Petitprez19.budhu.liver.cancer.metastasis.dn	7	0	0	0	7	0	0	1	0	0	1	7
HCC.Petitprez19.budhu.liver.cancer.metastasis.up	10	0	0	0	10	0	0	1	0	0	1	10
HCC.Petitprez19.cairo.hepatoblastoma.classes.dn	210	0	0	0	210	0	0	1	0	0	1	210
HCC.Petitprez19.cairo.hepatoblastoma.classes.up	605	0	0	0	605	0	0	1	0	0	1	605
HCC.Petitprez19.chiang.ctnnb1	141	0	0	0	141	0	0	1	0	0	1	141
HCC.Petitprez19.chiang.inflam	22	0	0	0	22	0	0	1	0	0	1	22
HCC.Petitprez19.chiang.liver.cancer.subclass.proliferation.dn	179	0	0	0	179	0	0	1	0	0	1	179
HCC.Petitprez19.chiang.liver.cancer.subclass.proliferation.up	178	0	0	0	178	0	0	1	0	0	1	178
HCC.Petitprez19.chiang.poly7	40	0	0	0	40	0	0	1	0	0	1	40
HCC.Petitprez19.chiang.prolif	148	0	0	0	148	0	0	1	0	0	1	148
HCC.Petitprez19.chiang.unannot	30	0	0	0	30	0	0	1	0	0	1	30
HCC.Petitprez19.coulouarn.temporal.tgfb1.signature.dn	138	0	0	0	138	0	0	1	0	0	1	138
HCC.Petitprez19.coulouarn.temporal.tgfb1.signature.up	109	0	0	0	109	0	0	1	0	0	1	109
HCC.Petitprez19.hao.survival	316	0	0	0	316	0	0	1	0	0	1	316
HCC.Petitprez19.hoshida.liver.cancer.late.recurrence.dn	69	0	0	0	69	0	0	1	0	0	1	69
HCC.Petitprez19.hoshida.liver.cancer.late.recurrence.up	62	0	0	0	62	0	0	1	0	0	1	62
HCC.Petitprez19.hoshida.liver.cancer.subclass.s1	237	0	0	0	237	0	0	1	0	0	1	237
HCC.Petitprez19.hoshida.liver.cancer.subclass.s2	115	0	0	0	115	0	0	1	0	0	1	115
HCC.Petitprez19.hoshida.liver.cancer.subclass.s3	266	0	0	0	266	0	0	1	0	0	1	266
HCC.Petitprez19.hoshida.liver.cancer.survival.dn	113	0	0	0	113	0	0	1	0	0	1	113
HCC.Petitprez19.hoshida.liver.cancer.survival.up	73	0	0	0	73	0	0	1	0	0	1	73
HCC.Petitprez19.iizuka.liver.cancer.early.recurrence	11	0	0	0	11	0	0	1	0	0	1	11
HCC.Petitprez19.kaposi.liver.cancer.met.dn	6	0	0	0	6	0	0	1	0	0	1	6
HCC.Petitprez19.kaposi.liver.cancer.met.up	18	0	0	0	18	0	0	1	0	0	1	18
HCC.Petitprez19.kim.poor.survival.dn	43	0	0	0	43	0	0	1	0	0	1	43
HCC.Petitprez19.kim.poor.survival.up	22	0	0	0	22	0	0	1	0	0	1	22
HCC.Petitprez19.kurokawa.liver.cancer.early.recurrence.dn	7	0	0	0	7	0	0	1	0	0	1	7
HCC.Petitprez19.kurokawa.liver.cancer.early.recurrence.up	12	0	0	0	12	0	0	1	0	0	1	12
HCC.Petitprez19.lee.liver.cancer.survival.dn	175	0	0	0	175	0	0	1	0	0	1	175
HCC.Petitprez19.lee.liver.cancer.survival.up	185	0	0	0	185	0	0	1	0	0	1	185
HCC.Petitprez19.lee.up.in.a	145	0	0	0	145	0	0	1	0	0	1	145
HCC.Petitprez19.lee.up.in.b	154	0	0	0	154	0	0	1	0	0	1	154
HCC.Petitprez19.marquardt.cancer.stem.cell.118	118	0	0	0	118	0	0	1	0	0	1	118
HCC.Petitprez19.marquardt.cancer.stem.cell.618	615	0	0	0	615	0	0	1	0	0	1	615
HCC.Petitprez19.minguez.vascular.invasion.dn	21	0	0	0	21	0	0	1	0	0	1	21
HCC.Petitprez19.minguez.vascular.invasion.up	14	0	0	0	14	0	0	1	0	0	1	14
HCC.Petitprez19.oishi.cholangio.stem.cell.like.dn	279	0	0	0	279	0	0	1	0	0	1	279
HCC.Petitprez19.oishi.cholangio.stem.cell.like.up	344	0	0	0	344	0	0	1	0	0	1	344
HCC.Petitprez19.okamoto.liver.cancer.multicentric.occurrence.dn	6	0	0	0	6	0	0	1	0	0	1	6
HCC.Petitprez19.okamoto.liver.cancer.multicentric.occurrence.up	25	0	0	0	25	0	0	1	0	0	1	25
HCC.Petitprez19.roessler.liver.cancer.metastasis.dn	53	0	0	0	53	0	0	1	0	0	1	53
HCC.Petitprez19.roessler.liver.cancer.metastasis.up	107	0	0	0	107	0	0	1	0	0	1	107
HCC.Petitprez19.wang.recurrent.liver.cancer.dn	16	0	0	0	16	0	0	1	0	0	1	16
HCC.Petitprez19.wang.recurrent.liver.cancer.up	20	0	0	0	20	0	0	1	0	0	1	20
HCC.Petitprez19.woo.cholangio.like.dn	374	0	0	0	374	0	0	1	0	0	1	374
HCC.Petitprez19.woo.cholangio.like.up	251	0	0	0	251	0	0	1	0	0	1	251
HCC.Petitprez19.woo.liver.cancer.recurrence.dn	80	0	0	0	80	0	0	1	0	0	1	80
HCC.Petitprez19.woo.liver.cancer.recurrence.up	105	0	0	0	105	0	0	1	0	0	1	105
HCC.Petitprez19.yamashita.liver.cancer.stem.cell.dn	76	0	0	0	76	0	0	1	0	0	1	76
HCC.Petitprez19.yamashita.liver.cancer.stem.cell.up	47	0	0	0	47	0	0	1	0	0	1	47
HCC.Petitprez19.yamashita.liver.cancer.with.epcam.dn	16	0	0	0	16	0	0	1	0	0	1	16
HCC.Petitprez19.yamashita.liver.cancer.with.epcam.up	53	0	0	0	53	0	0	1	0	0	1	53
HCC.Petitprez19.ye.metastatic.liver.cancer	27	0	0	0	27	0	0	1	0	0	1	27
HCC.Petitprez19.yoshioka.liver.cancer.early.recurrence.dn	65	0	0	0	65	0	0	1	0	0	1	65
HCC.Petitprez19.yoshioka.liver.cancer.early.recurrence.up	40	0	0	0	40	0	0	1	0	0	1	40
IBD.Nie23.B.Plasma.Cycling.GC.B	1588	0	0	0	1588	0	0	1	0	0	1	1588
IBD.Nie23.B.Plasma.Cycling.plasma	1375	0	0	0	1375	0	0	1	0	0	1	1375
IBD.Nie23.B.Plasma.GC.B	1067	0	0	0	1067	0	0	1	0	0	1	1067
IBD.Nie23.B.Plasma.IgA+IgG+.plasma	313	0	0	0	313	0	0	1	0	0	1	313
IBD.Nie23.B.Plasma.IgA-IgG-.plasma	287	0	0	0	287	0	0	1	0	0	1	287
IBD.Nie23.B.Plasma.IgA.plasma	283	0	0	0	283	0	0	1	0	0	1	283
IBD.Nie23.B.Plasma.IgG.plasma	385	0	0	0	385	0	0	1	0	0	1	385
IBD.Nie23.B.Plasma.Memory.B	367	0	0	0	367	0	0	1	0	0	1	367
IBD.Nie23.B.Plasma.Naive.B	454	0	0	0	454	0	0	1	0	0	1	454
IBD.Nie23.B.Plasma.Pro-B	562	0	0	0	562	0	0	1	0	0	1	562
IBD.Nie23.CD4T.CD4+.TNF.high.Trm	201	0	0	0	201	0	0	1	0	0	1	201
IBD.Nie23.CD4T.CD4+.TNF.low.Trm	130	0	0	0	130	0	0	1	0	0	1	130
IBD.Nie23.CD4T.CD4+.Tem	158	0	0	0	158	0	0	1	0	0	1	158
IBD.Nie23.CD4T.CD4+.Tfh	289	0	0	0	289	0	0	1	0	0	1	289
IBD.Nie23.CD4T.CD4+.Th17	339	0	0	0	339	0	0	1	0	0	1	339
IBD.Nie23.CD4T.CD4+.Tn	210	0	0	0	210	0	0	1	0	0	1	210
IBD.Nie23.CD4T.CD4+.Treg	128	0	0	0	128	0	0	1	0	0	1	128
IBD.Nie23.CD4T.CD4+.activated.T	242	0	0	0	242	0	0	1	0	0	1	242
IBD.Nie23.CD4T.CD4+.blood-Tcm	201	0	0	0	201	0	0	1	0	0	1	201
IBD.Nie23.CD4T.CD4+.tissue-Tcm	65	0	0	0	65	0	0	1	0	0	1	65
IBD.Nie23.CD8T.CD8+.IEL	195	0	0	0	195	0	0	1	0	0	1	195
IBD.Nie23.CD8T.CD8+.MAIT	123	0	0	0	123	0	0	1	0	0	1	123
IBD.Nie23.CD8T.CD8+.Tcm	234	0	0	0	234	0	0	1	0	0	1	234
IBD.Nie23.CD8T.CD8+.Teff	215	0	0	0	215	0	0	1	0	0	1	215
IBD.Nie23.CD8T.CD8+.Tem	108	0	0	0	108	0	0	1	0	0	1	108
IBD.Nie23.CD8T.CD8+.Tn	207	0	0	0	207	0	0	1	0	0	1	207
IBD.Nie23.CD8T.CD8+.Trm	107	0	0	0	107	0	0	1	0	0	1	107
IBD.Nie23.CD8T.CD8+.activated.T	231	0	0	0	231	0	0	1	0	0	1	231
IBD.Nie23.Endothelial.Adult.arterial.EC	454	0	0	0	454	0	0	1	0	0	1	454
IBD.Nie23.Endothelial.Adult.arterial.capillary	277	0	0	0	277	0	0	1	0	0	1	277
IBD.Nie23.Endothelial.Adult.venous.EC	307	0	0	0	307	0	0	1	0	0	1	307
IBD.Nie23.Endothelial.Cycling.EC	940	0	0	0	940	0	0	1	0	0	1	940
IBD.Nie23.Endothelial.Fetal.arterial.EC	712	0	0	0	712	0	0	1	0	0	1	712
IBD.Nie23.Endothelial.Fetal.venous.capillary	677	0	0	0	677	0	0	1	0	0	1	677
IBD.Nie23.Endothelial.LEC	521	0	0	0	521	0	0	1	0	0	1	521
IBD.Nie23.Epithelial.Adult.colonocyte	555	0	0	0	555	0	0	1	0	0	1	555
IBD.Nie23.Epithelial.BEST4+.epithelial	334	0	0	0	334	0	0	1	0	0	1	334
IBD.Nie23.Epithelial.Cycling.TA	1129	0	0	0	1129	0	0	1	0	0	1	1129
IBD.Nie23.Epithelial.DUOX2+.epithelial	627	0	0	0	627	0	0	1	0	0	1	627
IBD.Nie23.Epithelial.Enterocyte	507	0	0	0	507	0	0	1	0	0	1	507
IBD.Nie23.Epithelial.Enteroendocrine	585	0	0	0	585	0	0	1	0	0	1	585
IBD.Nie23.Epithelial.Fetal.colonocyte	711	0	0	0	711	0	0	1	0	0	1	711
IBD.Nie23.Epithelial.Fetal.cycling.TA	1602	0	0	0	1602	0	0	1	0	0	1	1602
IBD.Nie23.Epithelial.Fetal.enterocyte	989	0	0	0	989	0	0	1	0	0	1	989
IBD.Nie23.Epithelial.Fetal.progenitor	1268	0	0	0	1268	0	0	1	0	0	1	1268
IBD.Nie23.Epithelial.Goblet	242	0	0	0	242	0	0	1	0	0	1	242
IBD.Nie23.Epithelial.Paneth	67	0	0	0	67	0	0	1	0	0	1	67
IBD.Nie23.Epithelial.Pediatric.colonocyte	426	0	0	0	426	0	0	1	0	0	1	426
IBD.Nie23.Epithelial.TA	379	0	0	0	379	0	0	1	0	0	1	379
IBD.Nie23.Epithelial.Tuft	340	0	0	0	340	0	0	1	0	0	1	340
IBD.Nie23.ILC.CD16+.NK	281	0	0	0	281	0	0	1	0	0	1	281
IBD.Nie23.ILC.CD56+.SELL.high.NK	164	0	0	0	164	0	0	1	0	0	1	164
IBD.Nie23.ILC.CD56+.SELL.low.NK	202	0	0	0	202	0	0	1	0	0	1	202
IBD.Nie23.ILC.NCR+.ILC3	313	0	0	0	313	0	0	1	0	0	1	313
IBD.Nie23.ILC.NCR-.ILC3	428	0	0	0	428	0	0	1	0	0	1	428
IBD.Nie23.Mesenchymal.Cycling.SMC	979	0	0	0	979	0	0	1	0	0	1	979
IBD.Nie23.Mesenchymal.Cycling.stromal	848	0	0	0	848	0	0	1	0	0	1	848
IBD.Nie23.Mesenchymal.Fetal.stromal.1	276	0	0	0	276	0	0	1	0	0	1	276
IBD.Nie23.Mesenchymal.Fetal.stromal.2	435	0	0	0	435	0	0	1	0	0	1	435
IBD.Nie23.Mesenchymal.Immature.pericyte	356	0	0	0	356	0	0	1	0	0	1	356
IBD.Nie23.Mesenchymal.Mature.pericyte	517	0	0	0	517	0	0	1	0	0	1	517
IBD.Nie23.Mesenchymal.Mesoderm.1	805	0	0	0	805	0	0	1	0	0	1	805
IBD.Nie23.Mesenchymal.Mesoderm.2	349	0	0	0	349	0	0	1	0	0	1	349
IBD.Nie23.Mesenchymal.Mesothelium	839	0	0	0	839	0	0	1	0	0	1	839
IBD.Nie23.Mesenchymal.Myofibroblast.1	386	0	0	0	386	0	0	1	0	0	1	386
IBD.Nie23.Mesenchymal.Myofibroblast.2	379	0	0	0	379	0	0	1	0	0	1	379
IBD.Nie23.Mesenchymal.SMC.1	463	0	0	0	463	0	0	1	0	0	1	463
IBD.Nie23.Mesenchymal.SMC.2	427	0	0	0	427	0	0	1	0	0	1	427
IBD.Nie23.Mesenchymal.Stromal.1	340	0	0	0	340	0	0	1	0	0	1	340
IBD.Nie23.Mesenchymal.Stromal.2	363	0	0	0	363	0	0	1	0	0	1	363
IBD.Nie23.Mesenchymal.Stromal.3	351	0	0	0	351	0	0	1	0	0	1	351
IBD.Nie23.Mesenchymal.Stromal.4	500	0	0	0	500	0	0	1	0	0	1	500
IBD.Nie23.Mesenchymal.Transitional.stromal	581	0	0	0	581	0	0	1	0	0	1	581
IBD.Nie23.Myeloid.APOE+.macrophage	322	0	0	0	322	0	0	1	0	0	1	322
IBD.Nie23.Myeloid.AREG+.macrophage	265	0	0	0	265	0	0	1	0	0	1	265
IBD.Nie23.Myeloid.Classical.monocyte	301	0	0	0	301	0	0	1	0	0	1	301
IBD.Nie23.Myeloid.Cycling.macrophage	749	0	0	0	749	0	0	1	0	0	1	749
IBD.Nie23.Myeloid.Inflammatory.monocyte	184	0	0	0	184	0	0	1	0	0	1	184
IBD.Nie23.Myeloid.LAMP3+.DC	383	0	0	0	383	0	0	1	0	0	1	383
IBD.Nie23.Myeloid.LYVE1+.macrophage	564	0	0	0	564	0	0	1	0	0	1	564
IBD.Nie23.Myeloid.Mast	248	0	0	0	248	0	0	1	0	0	1	248
IBD.Nie23.Myeloid.Megakaryocyte	330	0	0	0	330	0	0	1	0	0	1	330
IBD.Nie23.Myeloid.Non-classical.monocyte	456	0	0	0	456	0	0	1	0	0	1	456
IBD.Nie23.Myeloid.cDC1	420	0	0	0	420	0	0	1	0	0	1	420
IBD.Nie23.Myeloid.cDC2	349	0	0	0	349	0	0	1	0	0	1	349
IBD.Nie23.Myeloid.pDC	780	0	0	0	780	0	0	1	0	0	1	780
IBD.Nie23.Neuronal.Adult.glia	404	0	0	0	404	0	0	1	0	0	1	404
IBD.Nie23.Neuronal.Cycling.ENCC/glia	793	0	0	0	793	0	0	1	0	0	1	793
IBD.Nie23.Neuronal.Differentiating.glia	714	0	0	0	714	0	0	1	0	0	1	714
IBD.Nie23.Neuronal.ENCC/glia.progenitor	614	0	0	0	614	0	0	1	0	0	1	614
IBD.Nie23.Neuronal.Fetal.glia.1	536	0	0	0	536	0	0	1	0	0	1	536
IBD.Nie23.Neuronal.Fetal.glia.2	391	0	0	0	391	0	0	1	0	0	1	391
IBD.Nie23.Neuronal.Fetal.glia.3	416	0	0	0	416	0	0	1	0	0	1	416
IBD.Nie23.Neuronal.Neuroblast	647	0	0	0	647	0	0	1	0	0	1	647
IBD.Nie23.Neuronal.Neuronal/Branch.A	843	0	0	0	843	0	0	1	0	0	1	843
IBD.Nie23.Neuronal.Neuronal/Branch.B	598	0	0	0	598	0	0	1	0	0	1	598
IMMUNE.Becht16.B.lineage	9	0	0	0	9	0	0	1	0	0	1	9
IMMUNE.Becht16.CD8Tcells	1	0	0	0	1	0	0	1	0	0	1	1
IMMUNE.Becht16.Cytotox.lymph	7	0	0	0	7	0	0	1	0	0	1	7
IMMUNE.Becht16.Endothelial	33	0	0	0	33	0	0	1	0	0	1	33
IMMUNE.Becht16.Fibroblasts	8	0	0	0	8	0	0	1	0	0	1	8
IMMUNE.Becht16.Mono.lineage	7	0	0	0	7	0	0	1	0	0	1	7
IMMUNE.Becht16.Myeloid.dendritic	6	0	0	0	6	0	0	1	0	0	1	6
IMMUNE.Becht16.NK	9	0	0	0	9	0	0	1	0	0	1	9
IMMUNE.Becht16.Neutrophils	15	0	0	0	15	0	0	1	0	0	1	15
IMMUNE.Becht16.Tcells	16	0	0	0	16	0	0	1	0	0	1	16
IMMUNE.Chu23.CD4.Tn	10	0	0	0	10	0	0	1	0	0	1	10
IMMUNE.Chu23.CD4.c0.Tcm	13	0	0	0	13	0	0	1	0	0	1	13
IMMUNE.Chu23.CD4.c1.Treg	23	0	0	0	23	0	0	1	0	0	1	23
IMMUNE.Chu23.CD4.c3.Tfh	21	0	0	0	21	0	0	1	0	0	1	21
IMMUNE.Chu23.CD4/CD8.c4.Tstr	22	0	0	0	22	0	0	1	0	0	1	22
IMMUNE.Chu23.CD8.Teff	24	0	0	0	24	0	0	1	0	0	1	24
IMMUNE.Chu23.CD8.Tn	10	0	0	0	10	0	0	1	0	0	1	10
IMMUNE.Chu23.CD8.c5.Tisg	24	0	0	0	24	0	0	1	0	0	1	24
IMMUNE.Mulder21.DC2.DC3.cluster14	117	0	0	0	117	0	0	1	0	0	1	117
IMMUNE.Mulder21.Macro.cluster11	23	0	0	0	23	0	0	1	0	0	1	23
IMMUNE.Mulder21.Macro.cluster13	96	0	0	0	96	0	0	1	0	0	1	96
IMMUNE.Mulder21.Macro.cluster16	52	0	0	0	52	0	0	1	0	0	1	52
IMMUNE.Mulder21.Macro.cluster17	110	0	0	0	110	0	0	1	0	0	1	110
IMMUNE.Mulder21.Macro.cluster2	168	0	0	0	168	0	0	1	0	0	1	168
IMMUNE.Mulder21.Macro.cluster3	65	0	0	0	65	0	0	1	0	0	1	65
IMMUNE.Mulder21.Macro.cluster6	90	0	0	0	90	0	0	1	0	0	1	90
IMMUNE.Mulder21.Macro.cluster7	38	0	0	0	38	0	0	1	0	0	1	38
IMMUNE.Mulder21.Mono.CD16neg.cluster12	58	0	0	0	58	0	0	1	0	0	1	58
IMMUNE.Mulder21.Mono.CD16neg.cluster15	111	0	0	0	111	0	0	1	0	0	1	111
IMMUNE.Mulder21.Mono.CD16neg.cluster4	97	0	0	0	97	0	0	1	0	0	1	97
IMMUNE.Mulder21.Mono.CD16neg.cluster8	236	0	0	0	236	0	0	1	0	0	1	236
IMMUNE.Mulder21.Mono.CD16pos.cluster1	447	0	0	0	447	0	0	1	0	0	1	447
IMMUNE.Mulder21.Mono.CD16pos.cluster5	33	0	0	0	33	0	0	1	0	0	1	33
IMMUNE.Mulder21.Prolif.cluster10	204	0	0	0	204	0	0	1	0	0	1	204
IMMUNE.Mulder21.T.cell.doublets.cluster9	115	0	0	0	115	0	0	1	0	0	1	115
IMMUNE.Rodrigues18.GeneralImmu	761	0	0	0	761	0	0	1	0	0	1	761
IMMUNE.Rodrigues18.ICKrelated	32	0	0	0	32	0	0	1	0	0	1	32
IMMUNE.Wu24.ARG1+	99	0	0	0	99	0	0	1	0	0	1	99
IMMUNE.Wu24.CXCL8+IL1B+	99	0	0	0	99	0	0	1	0	0	1	99
IMMUNE.Wu24.CXCR2+	99	0	0	0	99	0	0	1	0	0	1	99
IMMUNE.Wu24.HLA-DR+CD74+	99	0	0	0	99	0	0	1	0	0	1	99
IMMUNE.Wu24.IFIT1+ISG15+	99	0	0	0	99	0	0	1	0	0	1	99
IMMUNE.Wu24.MMP9+	99	0	0	0	99	0	0	1	0	0	1	99
IMMUNE.Wu24.NFKBIZ+HIF1A+	99	0	0	0	99	0	0	1	0	0	1	99
IMMUNE.Wu24.S100A12+	99	0	0	0	99	0	0	1	0	0	1	99
IMMUNE.Wu24.TXNIP+	99	0	0	0	99	0	0	1	0	0	1	99
IMMUNE.Wu24.VEGFA+SPP1+	99	0	0	0	99	0	0	1	0	0	1	99
ORGANOID.Xu25.atlas.organoidVec.BEST4+.epithelial	50	0	0	0	50	0	0	1	0	0	1	50
ORGANOID.Xu25.atlas.organoidVec.Interstitial.cells.of.Cajal.(ICC)	50	0	0	0	50	0	0	1	0	0	1	50
ORGANOID.Xu25.atlas.organoidVec.Microfold.cells	50	0	0	0	50	0	0	1	0	0	1	50
ORGANOID.Xu25.atlas.organoidVec.acinar.cells	50	0	0	0	50	0	0	1	0	0	1	50
ORGANOID.Xu25.atlas.organoidVec.airway.secretory.cells	50	0	0	0	50	0	0	1	0	0	1	50
ORGANOID.Xu25.atlas.organoidVec.alpha.cells	50	0	0	0	50	0	0	1	0	0	1	50
ORGANOID.Xu25.atlas.organoidVec.alveolar.type.1.(AT1).cells	50	0	0	0	50	0	0	1	0	0	1	50
ORGANOID.Xu25.atlas.organoidVec.alveolar.type.2.(AT2).cells	50	0	0	0	50	0	0	1	0	0	1	50
ORGANOID.Xu25.atlas.organoidVec.basal.cells	50	0	0	0	50	0	0	1	0	0	1	50
ORGANOID.Xu25.atlas.organoidVec.beta.cells	50	0	0	0	50	0	0	1	0	0	1	50
ORGANOID.Xu25.atlas.organoidVec.biliary.cells	50	0	0	0	50	0	0	1	0	0	1	50
ORGANOID.Xu25.atlas.organoidVec.cardiovascular.cells	50	0	0	0	50	0	0	1	0	0	1	50
ORGANOID.Xu25.atlas.organoidVec.chief.cells	50	0	0	0	50	0	0	1	0	0	1	50
ORGANOID.Xu25.atlas.organoidVec.ciliated.cells	50	0	0	0	50	0	0	1	0	0	1	50
ORGANOID.Xu25.atlas.organoidVec.club.cells	50	0	0	0	50	0	0	1	0	0	1	50
ORGANOID.Xu25.atlas.organoidVec.colonocytes	50	0	0	0	50	0	0	1	0	0	1	50
ORGANOID.Xu25.atlas.organoidVec.cycling.stromal.cells	50	0	0	0	50	0	0	1	0	0	1	50
ORGANOID.Xu25.atlas.organoidVec.delta.cells	50	0	0	0	50	0	0	1	0	0	1	50
ORGANOID.Xu25.atlas.organoidVec.ductal.cells	50	0	0	0	50	0	0	1	0	0	1	50
ORGANOID.Xu25.atlas.organoidVec.enterocytes	50	0	0	0	50	0	0	1	0	0	1	50
ORGANOID.Xu25.atlas.organoidVec.enteroendocrine.cells	50	0	0	0	50	0	0	1	0	0	1	50
ORGANOID.Xu25.atlas.organoidVec.epsilon.cells	50	0	0	0	50	0	0	1	0	0	1	50
ORGANOID.Xu25.atlas.organoidVec.goblet.cells	50	0	0	0	50	0	0	1	0	0	1	50
ORGANOID.Xu25.atlas.organoidVec.hepatocytes	50	0	0	0	50	0	0	1	0	0	1	50
ORGANOID.Xu25.atlas.organoidVec.immune	50	0	0	0	50	0	0	1	0	0	1	50
ORGANOID.Xu25.atlas.organoidVec.kupffer.cells	50	0	0	0	50	0	0	1	0	0	1	50
ORGANOID.Xu25.atlas.organoidVec.luminal.cells	50	0	0	0	50	0	0	1	0	0	1	50
ORGANOID.Xu25.atlas.organoidVec.lymphatic.endothelium	50	0	0	0	50	0	0	1	0	0	1	50
ORGANOID.Xu25.atlas.organoidVec.mesoderm.1.(HAND1)	50	0	0	0	50	0	0	1	0	0	1	50
ORGANOID.Xu25.atlas.organoidVec.mesoderm.2.(ZEB2)	50	0	0	0	50	0	0	1	0	0	1	50
ORGANOID.Xu25.atlas.organoidVec.mesothelial.cells	50	0	0	0	50	0	0	1	0	0	1	50
ORGANOID.Xu25.atlas.organoidVec.neck.cells	50	0	0	0	50	0	0	1	0	0	1	50
ORGANOID.Xu25.atlas.organoidVec.neuroendocrine.cells	50	0	0	0	50	0	0	1	0	0	1	50
ORGANOID.Xu25.atlas.organoidVec.neuron	50	0	0	0	50	0	0	1	0	0	1	50
ORGANOID.Xu25.atlas.organoidVec.pancreatic.cells	50	0	0	0	50	0	0	1	0	0	1	50
ORGANOID.Xu25.atlas.organoidVec.paneth.cells	50	0	0	0	50	0	0	1	0	0	1	50
ORGANOID.Xu25.atlas.organoidVec.pericytes	50	0	0	0	50	0	0	1	0	0	1	50
ORGANOID.Xu25.atlas.organoidVec.pit.cells	50	0	0	0	50	0	0	1	0	0	1	50
ORGANOID.Xu25.atlas.organoidVec.quiescent.cells	50	0	0	0	50	0	0	1	0	0	1	50
ORGANOID.Xu25.atlas.organoidVec.schwann.cell	50	0	0	0	50	0	0	1	0	0	1	50
ORGANOID.Xu25.atlas.organoidVec.smooth.muscle.cells.(SMC)	50	0	0	0	50	0	0	1	0	0	1	50
ORGANOID.Xu25.atlas.organoidVec.stellate.cells	50	0	0	0	50	0	0	1	0	0	1	50
ORGANOID.Xu25.atlas.organoidVec.stem.cells	50	0	0	0	50	0	0	1	0	0	1	50
ORGANOID.Xu25.atlas.organoidVec.stromal.1.(ADAMDEC1)	50	0	0	0	50	0	0	1	0	0	1	50
ORGANOID.Xu25.atlas.organoidVec.stromal.2.(NPY)	50	0	0	0	50	0	0	1	0	0	1	50
ORGANOID.Xu25.atlas.organoidVec.stromal.3.(C7)	50	0	0	0	50	0	0	1	0	0	1	50
ORGANOID.Xu25.atlas.organoidVec.thyrocytes	50	0	0	0	50	0	0	1	0	0	1	50
ORGANOID.Xu25.atlas.organoidVec.tuft.cells	50	0	0	0	50	0	0	1	0	0	1	50
PANCREAS.Fernandez24.Acinar.S	0	100	6	117	105	12	23	4	4	12	4	100
PANCREAS.Fernandez24.Acinar.i	0	100	8	128	102	16	36	5	9	26	5	100
PANCREAS.Fernandez24.Aft3.population	0	100	4	98	98	2	2	2	0	0	1	100
PANCREAS.Fernandez24.Apo.Tesc.population	0	100	6	95	95	1	1	2	0	0	1	100
PANCREAS.Fernandez24.ApoE.C.population	0	100	8	98	98	4	6	4	0	0	1	100
PANCREAS.Fernandez24.B.big	0	100	3	104	104	6	7	3	0	0	1	100
PANCREAS.Fernandez24.B.big.v2	0	100	7	95	95	2	2	2	0	0	1	100
PANCREAS.Fernandez24.Ciliated	0	100	25	75	75	0	0	1	0	0	1	100
PANCREAS.Fernandez24.Cxcl1.2.population	0	100	3	117	113	6	20	9	4	4	2	100
PANCREAS.Fernandez24.EMT.population	0	100	3	101	100	4	4	2	1	1	2	100
PANCREAS.Fernandez24.IFN.responsive	0	100	7	140	100	17	47	7	17	40	5	100
PANCREAS.Fernandez24.LCN2.population	0	100	2	110	109	4	12	9	1	1	2	100
PANCREAS.Fernandez24.M.medium	0	100	7	94	94	1	1	2	0	0	1	100
PANCREAS.Fernandez24.M.medium.v2	0	100	4	105	105	3	9	7	0	0	1	100
PANCREAS.Fernandez24.Obp2b.population	0	100	7	106	106	7	13	7	0	0	1	100
PANCREAS.Fernandez24.Prolif	0	100	2	100	100	2	2	2	0	0	1	100
PANCREAS.Fernandez24.S.small	0	100	5	114	106	11	19	4	4	8	3	100
PANCREAS.Fernandez24.S.small.v2	0	100	7	100	100	5	7	4	0	0	1	100
PANCREAS.Fernandez24.Tesc.population	0	100	7	96	96	3	3	2	0	0	1	100
PANCREAS.Fernandez24.Wfdc18.1.population	0	100	7	96	96	3	3	2	0	0	1	100
PANCREAS.Fernandez24.Wfdc18.2.population	0	100	9	97	97	4	6	4	0	0	1	100
PANCREAS.Fernandez24.Wnt.responsive	0	100	7	100	100	6	7	3	0	0	1	100
PANCREAS.Fernandez24.Yap.responsive	0	100	4	101	100	4	5	3	1	1	2	100
PANCREAS.Schlesinger20.Acinar.cells	0	170	18	223	170	31	71	9	19	53	6	170
PANCREAS.Schlesinger20.Adj.tumoral.cells.c17	0	700	40	701	696	26	41	7	5	5	2	700
PANCREAS.Schlesinger20.Chief.like.cells.c11	0	313	16	319	318	14	22	9	1	1	2	313
PANCREAS.Schlesinger20.Duct.cells	0	2069	155	2029	1992	66	115	9	16	37	5	2069
PANCREAS.Schlesinger20.Duct.like.tumoral.cells.c0	0	255	26	249	247	17	20	4	2	2	2	255
PANCREAS.Schlesinger20.Duct.like.tumoral.cells.c1	0	434	29	431	426	21	26	4	5	5	2	434
PANCREAS.Schlesinger20.Nine.month.c19	0	675	38	660	660	16	23	4	0	0	1	675
PANCREAS.Schlesinger20.Prolif.c14	0	623	56	615	615	34	48	7	0	0	1	623
PANCREAS.Schlesinger20.Senescent.tumor.cells.c18	0	726	39	722	717	30	35	3	5	5	2	726
PANCREAS.Schlesinger20.Stomac.chief.cells.c21	0	530	41	511	503	16	22	4	4	8	3	530
PANCREAS.Schlesinger20.Stomac.pit.cells.c22	0	593	52	584	568	28	43	4	6	16	4	593
PANCREAS.Schlesinger20.Stomach.cells.c23	0	454	23	455	451	14	24	7	4	4	2	454
PANCREAS.Schlesinger20.Tuft.cells.c25	0	433	34	412	412	12	13	3	0	0	1	433
PANCREAS.Schlesinger20.Tumoral.cells.c10	0	736	50	714	711	26	28	4	3	3	2	736
PAN_CANCER.Gavish23.MP1.Cell.Cycle.G2.M	50	0	0	0	50	0	0	1	0	0	1	50
PAN_CANCER.Gavish23.MP10.Protein.maturation	50	0	0	0	50	0	0	1	0	0	1	50
PAN_CANCER.Gavish23.MP11.Translation.initiation	50	0	0	0	50	0	0	1	0	0	1	50
PAN_CANCER.Gavish23.MP12.EMT.I	50	0	0	0	50	0	0	1	0	0	1	50
PAN_CANCER.Gavish23.MP13.EMT.II	50	0	0	0	50	0	0	1	0	0	1	50
PAN_CANCER.Gavish23.MP14.EMT.III	50	0	0	0	50	0	0	1	0	0	1	50
PAN_CANCER.Gavish23.MP15.EMT.IV	50	0	0	0	50	0	0	1	0	0	1	50
PAN_CANCER.Gavish23.MP16.MES.glioma.	50	0	0	0	50	0	0	1	0	0	1	50
PAN_CANCER.Gavish23.MP17.Interferon.MHC.II.I.	50	0	0	0	50	0	0	1	0	0	1	50
PAN_CANCER.Gavish23.MP18.Interferon.MHC.II.II.	50	0	0	0	50	0	0	1	0	0	1	50
PAN_CANCER.Gavish23.MP19.Epithelial.Senescence	50	0	0	0	50	0	0	1	0	0	1	50
PAN_CANCER.Gavish23.MP2.Cell.Cycle.G1.S	50	0	0	0	50	0	0	1	0	0	1	50
PAN_CANCER.Gavish23.MP20.MYC	50	0	0	0	50	0	0	1	0	0	1	50
PAN_CANCER.Gavish23.MP21.Respiration	50	0	0	0	50	0	0	1	0	0	1	50
PAN_CANCER.Gavish23.MP22.Secreted.I	50	0	0	0	50	0	0	1	0	0	1	50
PAN_CANCER.Gavish23.MP23.Secreted.II	50	0	0	0	50	0	0	1	0	0	1	50
PAN_CANCER.Gavish23.MP24.Cilia	50	0	0	0	50	0	0	1	0	0	1	50
PAN_CANCER.Gavish23.MP25.Astrocytes	50	0	0	0	50	0	0	1	0	0	1	50
PAN_CANCER.Gavish23.MP26.NPC.Glioma	50	0	0	0	50	0	0	1	0	0	1	50
PAN_CANCER.Gavish23.MP27.Oligo.Progenitor	50	0	0	0	50	0	0	1	0	0	1	50
PAN_CANCER.Gavish23.MP28.Oligo.normal	50	0	0	0	50	0	0	1	0	0	1	50
PAN_CANCER.Gavish23.MP29.NPC.OPC	50	0	0	0	50	0	0	1	0	0	1	50
PAN_CANCER.Gavish23.MP3.Cell.Cylce.HMG.rich	50	0	0	0	50	0	0	1	0	0	1	50
PAN_CANCER.Gavish23.MP30.PDAC.classical	50	0	0	0	50	0	0	1	0	0	1	50
PAN_CANCER.Gavish23.MP31.Alveolar	50	0	0	0	50	0	0	1	0	0	1	50
PAN_CANCER.Gavish23.MP32.Skin.pigmentation	50	0	0	0	50	0	0	1	0	0	1	50
PAN_CANCER.Gavish23.MP33.RBCs	50	0	0	0	50	0	0	1	0	0	1	50
PAN_CANCER.Gavish23.MP34.Platelet.activation	50	0	0	0	50	0	0	1	0	0	1	50
PAN_CANCER.Gavish23.MP35.Hemato.related.I	50	0	0	0	50	0	0	1	0	0	1	50
PAN_CANCER.Gavish23.MP36.IG	50	0	0	0	50	0	0	1	0	0	1	50
PAN_CANCER.Gavish23.MP37.Hemato.related.II	50	0	0	0	50	0	0	1	0	0	1	50
PAN_CANCER.Gavish23.MP38.Glutathione	50	0	0	0	50	0	0	1	0	0	1	50
PAN_CANCER.Gavish23.MP39.Metal.response	50	0	0	0	50	0	0	1	0	0	1	50
PAN_CANCER.Gavish23.MP4.Chromatin	50	0	0	0	50	0	0	1	0	0	1	50
PAN_CANCER.Gavish23.MP40.PDAC.related	50	0	0	0	50	0	0	1	0	0	1	50
PAN_CANCER.Gavish23.MP41.Unassigned	50	0	0	0	50	0	0	1	0	0	1	50
PAN_CANCER.Gavish23.MP5.Stress	50	0	0	0	50	0	0	1	0	0	1	50
PAN_CANCER.Gavish23.MP6.Hypoxia	50	0	0	0	50	0	0	1	0	0	1	50
PAN_CANCER.Gavish23.MP7.Stress.in.vitro.	50	0	0	0	50	0	0	1	0	0	1	50
PAN_CANCER.Gavish23.MP8.Proteasomal.degradation	50	0	0	0	50	0	0	1	0	0	1	50
PAN_CANCER.Gavish23.MP9.Unfolded.protein.response	50	0	0	0	50	0	0	1	0	0	1	50
PDAC.Bailey16.ADEX	151	0	0	0	151	0	0	1	0	0	1	151
PDAC.Bailey16.Immunogenic	218	0	0	0	218	0	0	1	0	0	1	218
PDAC.Bailey16.Progenitor	62	0	0	0	62	0	0	1	0	0	1	62
PDAC.Bailey16.Squamous	755	0	0	0	755	0	0	1	0	0	1	755
PDAC.ChanSengYue20.BasallikeA	452	0	0	0	452	0	0	1	0	0	1	452
PDAC.ChanSengYue20.BasallikeB	207	0	0	0	207	0	0	1	0	0	1	207
PDAC.ChanSengYue20.ClassicalA	338	0	0	0	338	0	0	1	0	0	1	338
PDAC.ChanSengYue20.ClassicalB	201	0	0	0	201	0	0	1	0	0	1	201
PDAC.ChanSengYue20.Fibroblast	671	0	0	0	671	0	0	1	0	0	1	671
PDAC.ChanSengYue20.Hepatocyte	335	0	0	0	335	0	0	1	0	0	1	335
PDAC.ChanSengYue20.Immune.cell	441	0	0	0	441	0	0	1	0	0	1	441
PDAC.ChanSengYue20.Normal.pancreas	841	0	0	0	841	0	0	1	0	0	1	841
PDAC.ChanSengYue20.Sig11.Unknown	392	0	0	0	392	0	0	1	0	0	1	392
PDAC.ChanSengYue20.Sig12.Unknown	231	0	0	0	231	0	0	1	0	0	1	231
PDAC.ChanSengYue20.Sig7.Unknown	484	0	0	0	484	0	0	1	0	0	1	484
PDAC.ChanSengYue20.Sig9.Unknown	87	0	0	0	87	0	0	1	0	0	1	87
PDAC.Collisson11.Classical	22	0	0	0	22	0	0	1	0	0	1	22
PDAC.Collisson11.Exocrine	20	0	0	0	20	0	0	1	0	0	1	20
PDAC.Collisson11.QM	20	0	0	0	20	0	0	1	0	0	1	20
PDAC.Grunwald21.DesertedStroma	468	0	0	0	468	0	0	1	0	0	1	468
PDAC.Grunwald21.ReactiveStroma	87	0	0	0	87	0	0	1	0	0	1	87
PDAC.Hwang22.Fibro.Adhesive	200	0	0	0	200	0	0	1	0	0	1	200
PDAC.Hwang22.Fibro.Immunomodulatory	200	0	0	0	200	0	0	1	0	0	1	200
PDAC.Hwang22.Fibro.Myofibroblastic	200	0	0	0	200	0	0	1	0	0	1	200
PDAC.Hwang22.Fibro.Neurotropic	200	0	0	0	200	0	0	1	0	0	1	200
PDAC.Hwang22.Malignlineage.Acinarlike	200	0	0	0	200	0	0	1	0	0	1	200
PDAC.Hwang22.Malignlineage.Basaloid	200	0	0	0	200	0	0	1	0	0	1	200
PDAC.Hwang22.Malignlineage.Classicallike	200	0	0	0	200	0	0	1	0	0	1	200
PDAC.Hwang22.Malignlineage.Mesenchymal	200	0	0	0	200	0	0	1	0	0	1	200
PDAC.Hwang22.Malignlineage.Neurallikeprogenitor	200	0	0	0	200	0	0	1	0	0	1	200
PDAC.Hwang22.Malignlineage.Neuroendocrinelike	200	0	0	0	200	0	0	1	0	0	1	200
PDAC.Hwang22.Malignlineage.Squamoid	200	0	0	0	200	0	0	1	0	0	1	200
PDAC.Hwang22.Malignstate.Adhesive	200	0	0	0	200	0	0	1	0	0	1	200
PDAC.Hwang22.Malignstate.CyclingG2M	200	0	0	0	200	0	0	1	0	0	1	200
PDAC.Hwang22.Malignstate.CyclingS	200	0	0	0	200	0	0	1	0	0	1	200
PDAC.Hwang22.Malignstate.Interferonsignaling	200	0	0	0	200	0	0	1	0	0	1	200
PDAC.Hwang22.Malignstate.MYCsignaling	200	0	0	0	200	0	0	1	0	0	1	200
PDAC.Hwang22.Malignstate.Ribosomal	200	0	0	0	200	0	0	1	0	0	1	200
PDAC.Hwang22.Malignstate.TNFNFkBsignaling	200	0	0	0	200	0	0	1	0	0	1	200
PDAC.Maurer18.StromaECM	222	0	0	0	222	0	0	1	0	0	1	222
PDAC.Maurer18.StromaImmune	251	0	0	0	251	0	0	1	0	0	1	251
PDAC.Moffitt15.ActivatedStroma	912	0	0	0	912	0	0	1	0	0	1	912
PDAC.Moffitt15.BasalLike	796	0	0	0	796	0	0	1	0	0	1	796
PDAC.Moffitt15.CellCycle	3330	0	0	0	3330	0	0	1	0	0	1	3330
PDAC.Moffitt15.Classical	1012	0	0	0	1012	0	0	1	0	0	1	1012
PDAC.Moffitt15.Endocrine	775	0	0	0	775	0	0	1	0	0	1	775
PDAC.Moffitt15.Exocrine	791	0	0	0	791	0	0	1	0	0	1	791
PDAC.Moffitt15.F10	2083	0	0	0	2083	0	0	1	0	0	1	2083
PDAC.Moffitt15.F14	3468	0	0	0	3468	0	0	1	0	0	1	3468
PDAC.Moffitt15.F2	1959	0	0	0	1959	0	0	1	0	0	1	1959
PDAC.Moffitt15.Immune	1101	0	0	0	1101	0	0	1	0	0	1	1101
PDAC.Moffitt15.Liver	814	0	0	0	814	0	0	1	0	0	1	814
PDAC.Moffitt15.Lung	598	0	0	0	598	0	0	1	0	0	1	598
PDAC.Moffitt15.Muscle	1043	0	0	0	1043	0	0	1	0	0	1	1043
PDAC.Moffitt15.NormalStroma	1067	0	0	0	1067	0	0	1	0	0	1	1067
PDAC.Nicolle17.basal	1002	0	0	0	1002	0	0	1	0	0	1	1002
PDAC.Nicolle17.classical	776	0	0	0	776	0	0	1	0	0	1	776
PDAC.Puleo18.Basal	834	0	0	0	834	0	0	1	0	0	1	834
PDAC.Puleo18.Classic	905	0	0	0	905	0	0	1	0	0	1	905
PDAC.Puleo18.Endocrine	775	0	0	0	775	0	0	1	0	0	1	775
PDAC.Puleo18.Exocrine	479	0	0	0	479	0	0	1	0	0	1	479
PDAC.Puleo18.ICA9	2306	0	0	0	2306	0	0	1	0	0	1	2306
PDAC.Puleo18.Immune	1130	0	0	0	1130	0	0	1	0	0	1	1130
PDAC.Puleo18.StromaActiv	883	0	0	0	883	0	0	1	0	0	1	883
PDAC.Puleo18.StromaActivInflam	1041	0	0	0	1041	0	0	1	0	0	1	1041
PDAC.Puleo18.StromaInactive	1174	0	0	0	1174	0	0	1	0	0	1	1174
PDAC.Puleo18.Tech	3243	0	0	0	3243	0	0	1	0	0	1	3243
SINET.Patte25.epithelial	431	0	0	0	431	0	0	1	0	0	1	431
SINET.Patte25.immune	124	0	0	0	124	0	0	1	0	0	1	124
SINET.Patte25.mesenchymal	515	0	0	0	515	0	0	1	0	0	1	515
SINET.Patte25.vesicular	913	0	0	0	913	0	0	1	0	0	1	913
